<?xml version="1.0" encoding="UTF-8"?>
<gpx version="1.1" creator="tcx2gpx (fixture generator)"
  xmlns="http://www.topografix.com/GPX/1/1"
  xmlns:xsi="http://www.w3.org/2001/XMLSchema-instance"
  xsi:schemaLocation="http://www.topografix.com/GPX/1/1 http://www.topografix.com/GPX/1/1/gpx.xsd">
  <metadata>
    <time>2026-08-06T04:40:38.000Z</time>
  </metadata>
  <trk>
    <name>2026-08-06T04:40:38.000Z</name>
    <type>running</type>
    <trkseg>
      <trkpt lat="57.0109286" lon="9.9788372">
        <ele>12.6</ele>
        <time>2026-08-06T04:40:38.000Z</time>
      </trkpt>
      <trkpt lat="57.0109534" lon="9.9788476">
        <ele>12.6</ele>
        <time>2026-08-06T04:40:39.000Z</time>
      </trkpt>
      <trkpt lat="57.010972" lon="9.9788547">
        <ele>12.6</ele>
        <time>2026-08-06T04:40:40.000Z</time>
      </trkpt>
      <trkpt lat="57.0109889" lon="9.9788555">
        <ele>12.6</ele>
        <time>2026-08-06T04:40:41.000Z</time>
      </trkpt>
      <trkpt lat="57.0110086" lon="9.9788663">
        <ele>12.6</ele>
        <time>2026-08-06T04:40:42.000Z</time>
      </trkpt>
      <trkpt lat="57.0110275" lon="9.9788726">
        <ele>12.6</ele>
        <time>2026-08-06T04:40:43.000Z</time>
      </trkpt>
      <trkpt lat="57.0110464" lon="9.9788794">
        <ele>12.6</ele>
        <time>2026-08-06T04:40:44.000Z</time>
      </trkpt>
      <trkpt lat="57.0110654" lon="9.9788878">
        <ele>12.6</ele>
        <time>2026-08-06T04:40:45.000Z</time>
      </trkpt>
      <trkpt lat="57.0110827" lon="9.9789038">
        <ele>12.6</ele>
        <time>2026-08-06T04:40:46.000Z</time>
      </trkpt>
      <trkpt lat="57.0111015" lon="9.9789076">
        <ele>12.6</ele>
        <time>2026-08-06T04:40:47.000Z</time>
      </trkpt>
      <trkpt lat="57.011125" lon="9.978918">
        <ele>12.6</ele>
        <time>2026-08-06T04:40:48.000Z</time>
      </trkpt>
      <trkpt lat="57.0111468" lon="9.9789141">
        <ele>12.6</ele>
        <time>2026-08-06T04:40:49.000Z</time>
      </trkpt>
      <trkpt lat="57.0111649" lon="9.9788983">
        <ele>12.6</ele>
        <time>2026-08-06T04:40:50.000Z</time>
      </trkpt>
      <trkpt lat="57.0111869" lon="9.9788763">
        <ele>12.6</ele>
        <time>2026-08-06T04:40:51.000Z</time>
      </trkpt>
      <trkpt lat="57.0111991" lon="9.9788508">
        <ele>12.6</ele>
        <time>2026-08-06T04:40:52.000Z</time>
      </trkpt>
      <trkpt lat="57.0112065" lon="9.9788177">
        <ele>12.4</ele>
        <time>2026-08-06T04:40:53.000Z</time>
      </trkpt>
      <trkpt lat="57.0112118" lon="9.9787789">
        <ele>12.4</ele>
        <time>2026-08-06T04:40:54.000Z</time>
      </trkpt>
      <trkpt lat="57.0112165" lon="9.9787452">
        <ele>12.4</ele>
        <time>2026-08-06T04:40:55.000Z</time>
      </trkpt>
      <trkpt lat="57.0112205" lon="9.9787024">
        <ele>12.6</ele>
        <time>2026-08-06T04:40:56.000Z</time>
      </trkpt>
      <trkpt lat="57.0112255" lon="9.9786658">
        <ele>12.6</ele>
        <time>2026-08-06T04:40:57.000Z</time>
      </trkpt>
      <trkpt lat="57.0112274" lon="9.978641">
        <ele>12.8</ele>
        <time>2026-08-06T04:40:58.000Z</time>
      </trkpt>
      <trkpt lat="57.011233" lon="9.9786041">
        <ele>12.8</ele>
        <time>2026-08-06T04:40:59.000Z</time>
      </trkpt>
      <trkpt lat="57.0112367" lon="9.9785722">
        <ele>13</ele>
        <time>2026-08-06T04:41:00.000Z</time>
      </trkpt>
      <trkpt lat="57.011239" lon="9.9785407">
        <ele>12.8</ele>
        <time>2026-08-06T04:41:01.000Z</time>
      </trkpt>
      <trkpt lat="57.0112458" lon="9.9784951">
        <ele>12.8</ele>
        <time>2026-08-06T04:41:02.000Z</time>
      </trkpt>
      <trkpt lat="57.011249" lon="9.978466">
        <ele>12.8</ele>
        <time>2026-08-06T04:41:03.000Z</time>
      </trkpt>
      <trkpt lat="57.011247" lon="9.9784346">
        <ele>12.8</ele>
        <time>2026-08-06T04:41:04.000Z</time>
      </trkpt>
      <trkpt lat="57.011251" lon="9.9784002">
        <ele>13</ele>
        <time>2026-08-06T04:41:05.000Z</time>
      </trkpt>
      <trkpt lat="57.0112548" lon="9.9783749">
        <ele>13.2</ele>
        <time>2026-08-06T04:41:06.000Z</time>
      </trkpt>
      <trkpt lat="57.0112589" lon="9.9783388">
        <ele>13.2</ele>
        <time>2026-08-06T04:41:07.000Z</time>
      </trkpt>
      <trkpt lat="57.0112641" lon="9.9783088">
        <ele>13.4</ele>
        <time>2026-08-06T04:41:08.000Z</time>
      </trkpt>
      <trkpt lat="57.011265" lon="9.9782796">
        <ele>13.6</ele>
        <time>2026-08-06T04:41:09.000Z</time>
      </trkpt>
      <trkpt lat="57.0112688" lon="9.9782399">
        <ele>13.6</ele>
        <time>2026-08-06T04:41:10.000Z</time>
      </trkpt>
      <trkpt lat="57.0112725" lon="9.9782068">
        <ele>13.6</ele>
        <time>2026-08-06T04:41:11.000Z</time>
      </trkpt>
      <trkpt lat="57.0112741" lon="9.9781719">
        <ele>13.6</ele>
        <time>2026-08-06T04:41:12.000Z</time>
      </trkpt>
      <trkpt lat="57.0112828" lon="9.9781368">
        <ele>13.8</ele>
        <time>2026-08-06T04:41:13.000Z</time>
      </trkpt>
      <trkpt lat="57.0112928" lon="9.9781038">
        <ele>14</ele>
        <time>2026-08-06T04:41:14.000Z</time>
      </trkpt>
      <trkpt lat="57.0113132" lon="9.9780725">
        <ele>14.2</ele>
        <time>2026-08-06T04:41:15.000Z</time>
      </trkpt>
      <trkpt lat="57.0113322" lon="9.9780556">
        <ele>14.4</ele>
        <time>2026-08-06T04:41:16.000Z</time>
      </trkpt>
      <trkpt lat="57.0113527" lon="9.9780387">
        <ele>14.4</ele>
        <time>2026-08-06T04:41:17.000Z</time>
      </trkpt>
      <trkpt lat="57.0113761" lon="9.9780362">
        <ele>14.6</ele>
        <time>2026-08-06T04:41:18.000Z</time>
      </trkpt>
      <trkpt lat="57.0113996" lon="9.9780334">
        <ele>14.6</ele>
        <time>2026-08-06T04:41:19.000Z</time>
      </trkpt>
      <trkpt lat="57.0114223" lon="9.978045">
        <ele>14.6</ele>
        <time>2026-08-06T04:41:20.000Z</time>
      </trkpt>
      <trkpt lat="57.0114459" lon="9.9780557">
        <ele>14.8</ele>
        <time>2026-08-06T04:41:21.000Z</time>
      </trkpt>
      <trkpt lat="57.0114687" lon="9.9780652">
        <ele>14.8</ele>
        <time>2026-08-06T04:41:22.000Z</time>
      </trkpt>
      <trkpt lat="57.0114935" lon="9.9780724">
        <ele>15</ele>
        <time>2026-08-06T04:41:23.000Z</time>
      </trkpt>
      <trkpt lat="57.0115159" lon="9.9780671">
        <ele>14.8</ele>
        <time>2026-08-06T04:41:24.000Z</time>
      </trkpt>
      <trkpt lat="57.0115361" lon="9.978082">
        <ele>14.8</ele>
        <time>2026-08-06T04:41:25.000Z</time>
      </trkpt>
      <trkpt lat="57.0115563" lon="9.9780869">
        <ele>14.8</ele>
        <time>2026-08-06T04:41:26.000Z</time>
      </trkpt>
      <trkpt lat="57.0115753" lon="9.9780934">
        <ele>14.8</ele>
        <time>2026-08-06T04:41:27.000Z</time>
      </trkpt>
      <trkpt lat="57.0115941" lon="9.9781033">
        <ele>14.8</ele>
        <time>2026-08-06T04:41:28.000Z</time>
      </trkpt>
      <trkpt lat="57.011611" lon="9.9781156">
        <ele>14.8</ele>
        <time>2026-08-06T04:41:29.000Z</time>
      </trkpt>
      <trkpt lat="57.0116309" lon="9.9781258">
        <ele>14.8</ele>
        <time>2026-08-06T04:41:30.000Z</time>
      </trkpt>
      <trkpt lat="57.0116517" lon="9.978144">
        <ele>14.8</ele>
        <time>2026-08-06T04:41:31.000Z</time>
      </trkpt>
      <trkpt lat="57.0116718" lon="9.9781554">
        <ele>14.8</ele>
        <time>2026-08-06T04:41:32.000Z</time>
      </trkpt>
      <trkpt lat="57.011695" lon="9.9781714">
        <ele>14.8</ele>
        <time>2026-08-06T04:41:33.000Z</time>
      </trkpt>
      <trkpt lat="57.0117169" lon="9.9781787">
        <ele>14.8</ele>
        <time>2026-08-06T04:41:34.000Z</time>
      </trkpt>
      <trkpt lat="57.0117376" lon="9.9781901">
        <ele>14.8</ele>
        <time>2026-08-06T04:41:35.000Z</time>
      </trkpt>
      <trkpt lat="57.0117583" lon="9.9782003">
        <ele>14.6</ele>
        <time>2026-08-06T04:41:36.000Z</time>
      </trkpt>
      <trkpt lat="57.0117772" lon="9.9782026">
        <ele>14.6</ele>
        <time>2026-08-06T04:41:37.000Z</time>
      </trkpt>
      <trkpt lat="57.0117996" lon="9.9782086">
        <ele>14.4</ele>
        <time>2026-08-06T04:41:38.000Z</time>
      </trkpt>
      <trkpt lat="57.0118203" lon="9.9782024">
        <ele>14.2</ele>
        <time>2026-08-06T04:41:39.000Z</time>
      </trkpt>
      <trkpt lat="57.011842" lon="9.9781938">
        <ele>14.2</ele>
        <time>2026-08-06T04:41:40.000Z</time>
      </trkpt>
      <trkpt lat="57.0118654" lon="9.9781794">
        <ele>14.2</ele>
        <time>2026-08-06T04:41:41.000Z</time>
      </trkpt>
      <trkpt lat="57.0118829" lon="9.9781639">
        <ele>14.2</ele>
        <time>2026-08-06T04:41:42.000Z</time>
      </trkpt>
      <trkpt lat="57.0119059" lon="9.978142">
        <ele>14.2</ele>
        <time>2026-08-06T04:41:43.000Z</time>
      </trkpt>
      <trkpt lat="57.0119152" lon="9.9781262">
        <ele>14.4</ele>
        <time>2026-08-06T04:41:44.000Z</time>
      </trkpt>
      <trkpt lat="57.0119389" lon="9.9780987">
        <ele>14.4</ele>
        <time>2026-08-06T04:41:45.000Z</time>
      </trkpt>
      <trkpt lat="57.0119585" lon="9.9780803">
        <ele>14.6</ele>
        <time>2026-08-06T04:41:46.000Z</time>
      </trkpt>
      <trkpt lat="57.0119731" lon="9.9780562">
        <ele>14.6</ele>
        <time>2026-08-06T04:41:47.000Z</time>
      </trkpt>
      <trkpt lat="57.0119808" lon="9.978025">
        <ele>14.4</ele>
        <time>2026-08-06T04:41:48.000Z</time>
      </trkpt>
      <trkpt lat="57.0119885" lon="9.9779858">
        <ele>14.4</ele>
        <time>2026-08-06T04:41:49.000Z</time>
      </trkpt>
      <trkpt lat="57.0119945" lon="9.9779501">
        <ele>14.4</ele>
        <time>2026-08-06T04:41:50.000Z</time>
      </trkpt>
      <trkpt lat="57.0120006" lon="9.9779034">
        <ele>14.2</ele>
        <time>2026-08-06T04:41:51.000Z</time>
      </trkpt>
      <trkpt lat="57.0120077" lon="9.9778687">
        <ele>14.4</ele>
        <time>2026-08-06T04:41:52.000Z</time>
      </trkpt>
      <trkpt lat="57.012018" lon="9.9778308">
        <ele>14.4</ele>
        <time>2026-08-06T04:41:53.000Z</time>
      </trkpt>
      <trkpt lat="57.0120118" lon="9.9778011">
        <ele>14.4</ele>
        <time>2026-08-06T04:41:54.000Z</time>
      </trkpt>
      <trkpt lat="57.011999" lon="9.9777623">
        <ele>14.6</ele>
        <time>2026-08-06T04:41:55.000Z</time>
      </trkpt>
      <trkpt lat="57.0119852" lon="9.9777351">
        <ele>14.6</ele>
        <time>2026-08-06T04:41:56.000Z</time>
      </trkpt>
      <trkpt lat="57.0119659" lon="9.9777153">
        <ele>14.6</ele>
        <time>2026-08-06T04:41:57.000Z</time>
      </trkpt>
      <trkpt lat="57.0119426" lon="9.9776853">
        <ele>14.6</ele>
        <time>2026-08-06T04:41:58.000Z</time>
      </trkpt>
      <trkpt lat="57.0119282" lon="9.977661">
        <ele>14.8</ele>
        <time>2026-08-06T04:41:59.000Z</time>
      </trkpt>
      <trkpt lat="57.0119088" lon="9.9776302">
        <ele>14.8</ele>
        <time>2026-08-06T04:42:00.000Z</time>
      </trkpt>
      <trkpt lat="57.01189" lon="9.9776064">
        <ele>15</ele>
        <time>2026-08-06T04:42:01.000Z</time>
      </trkpt>
      <trkpt lat="57.0118689" lon="9.977593">
        <ele>15</ele>
        <time>2026-08-06T04:42:02.000Z</time>
      </trkpt>
      <trkpt lat="57.0118474" lon="9.9775753">
        <ele>15</ele>
        <time>2026-08-06T04:42:03.000Z</time>
      </trkpt>
      <trkpt lat="57.0118298" lon="9.977558">
        <ele>15</ele>
        <time>2026-08-06T04:42:04.000Z</time>
      </trkpt>
      <trkpt lat="57.0118065" lon="9.9775315">
        <ele>14.8</ele>
        <time>2026-08-06T04:42:05.000Z</time>
      </trkpt>
      <trkpt lat="57.0117878" lon="9.977509">
        <ele>14.8</ele>
        <time>2026-08-06T04:42:06.000Z</time>
      </trkpt>
      <trkpt lat="57.0117663" lon="9.9774947">
        <ele>14.6</ele>
        <time>2026-08-06T04:42:07.000Z</time>
      </trkpt>
      <trkpt lat="57.0117459" lon="9.9774643">
        <ele>14.8</ele>
        <time>2026-08-06T04:42:08.000Z</time>
      </trkpt>
      <trkpt lat="57.0117233" lon="9.9774486">
        <ele>15</ele>
        <time>2026-08-06T04:42:09.000Z</time>
      </trkpt>
      <trkpt lat="57.0117061" lon="9.9774132">
        <ele>15.2</ele>
        <time>2026-08-06T04:42:10.000Z</time>
      </trkpt>
      <trkpt lat="57.0116921" lon="9.9773837">
        <ele>15.4</ele>
        <time>2026-08-06T04:42:11.000Z</time>
      </trkpt>
      <trkpt lat="57.01168" lon="9.9773461">
        <ele>15.4</ele>
        <time>2026-08-06T04:42:12.000Z</time>
      </trkpt>
      <trkpt lat="57.011668" lon="9.9773084">
        <ele>15.4</ele>
        <time>2026-08-06T04:42:13.000Z</time>
      </trkpt>
      <trkpt lat="57.0116556" lon="9.9772784">
        <ele>15.2</ele>
        <time>2026-08-06T04:42:14.000Z</time>
      </trkpt>
      <trkpt lat="57.0116441" lon="9.9772405">
        <ele>15.2</ele>
        <time>2026-08-06T04:42:15.000Z</time>
      </trkpt>
      <trkpt lat="57.0116348" lon="9.9772148">
        <ele>15.4</ele>
        <time>2026-08-06T04:42:16.000Z</time>
      </trkpt>
      <trkpt lat="57.0116223" lon="9.9771734">
        <ele>15.6</ele>
        <time>2026-08-06T04:42:17.000Z</time>
      </trkpt>
      <trkpt lat="57.0116151" lon="9.9771441">
        <ele>15.8</ele>
        <time>2026-08-06T04:42:18.000Z</time>
      </trkpt>
      <trkpt lat="57.0116076" lon="9.9771026">
        <ele>16.2</ele>
        <time>2026-08-06T04:42:19.000Z</time>
      </trkpt>
      <trkpt lat="57.0116079" lon="9.9770581">
        <ele>16.4</ele>
        <time>2026-08-06T04:42:20.000Z</time>
      </trkpt>
      <trkpt lat="57.0115998" lon="9.9770238">
        <ele>16.4</ele>
        <time>2026-08-06T04:42:21.000Z</time>
      </trkpt>
      <trkpt lat="57.0115982" lon="9.9769779">
        <ele>16.6</ele>
        <time>2026-08-06T04:42:22.000Z</time>
      </trkpt>
      <trkpt lat="57.0115951" lon="9.9769339">
        <ele>16.6</ele>
        <time>2026-08-06T04:42:23.000Z</time>
      </trkpt>
      <trkpt lat="57.0115917" lon="9.9768893">
        <ele>16.4</ele>
        <time>2026-08-06T04:42:24.000Z</time>
      </trkpt>
      <trkpt lat="57.0115951" lon="9.9768505">
        <ele>16.6</ele>
        <time>2026-08-06T04:42:25.000Z</time>
      </trkpt>
      <trkpt lat="57.0115963" lon="9.9768142">
        <ele>16.6</ele>
        <time>2026-08-06T04:42:26.000Z</time>
      </trkpt>
      <trkpt lat="57.011597" lon="9.9767716">
        <ele>16.8</ele>
        <time>2026-08-06T04:42:27.000Z</time>
      </trkpt>
      <trkpt lat="57.0115986" lon="9.9767203">
        <ele>16.8</ele>
        <time>2026-08-06T04:42:28.000Z</time>
      </trkpt>
      <trkpt lat="57.0115978" lon="9.976682">
        <ele>16.8</ele>
        <time>2026-08-06T04:42:29.000Z</time>
      </trkpt>
      <trkpt lat="57.0115971" lon="9.9766354">
        <ele>16.6</ele>
        <time>2026-08-06T04:42:30.000Z</time>
      </trkpt>
      <trkpt lat="57.0115987" lon="9.976595">
        <ele>16.6</ele>
        <time>2026-08-06T04:42:31.000Z</time>
      </trkpt>
      <trkpt lat="57.0116015" lon="9.9765547">
        <ele>16.6</ele>
        <time>2026-08-06T04:42:32.000Z</time>
      </trkpt>
      <trkpt lat="57.0116062" lon="9.9765149">
        <ele>16.6</ele>
        <time>2026-08-06T04:42:33.000Z</time>
      </trkpt>
      <trkpt lat="57.0116082" lon="9.9764768">
        <ele>16.6</ele>
        <time>2026-08-06T04:42:34.000Z</time>
      </trkpt>
      <trkpt lat="57.0116114" lon="9.9764308">
        <ele>16.6</ele>
        <time>2026-08-06T04:42:35.000Z</time>
      </trkpt>
      <trkpt lat="57.011617" lon="9.9763844">
        <ele>16.6</ele>
        <time>2026-08-06T04:42:36.000Z</time>
      </trkpt>
      <trkpt lat="57.011621" lon="9.9763406">
        <ele>16.6</ele>
        <time>2026-08-06T04:42:37.000Z</time>
      </trkpt>
      <trkpt lat="57.0116321" lon="9.9762958">
        <ele>16.6</ele>
        <time>2026-08-06T04:42:38.000Z</time>
      </trkpt>
      <trkpt lat="57.0116376" lon="9.9762598">
        <ele>16.6</ele>
        <time>2026-08-06T04:42:39.000Z</time>
      </trkpt>
      <trkpt lat="57.0116444" lon="9.9762204">
        <ele>16.6</ele>
        <time>2026-08-06T04:42:40.000Z</time>
      </trkpt>
      <trkpt lat="57.011657" lon="9.9761829">
        <ele>16.6</ele>
        <time>2026-08-06T04:42:41.000Z</time>
      </trkpt>
      <trkpt lat="57.0116628" lon="9.9761465">
        <ele>16.6</ele>
        <time>2026-08-06T04:42:42.000Z</time>
      </trkpt>
      <trkpt lat="57.0116736" lon="9.9760968">
        <ele>16.6</ele>
        <time>2026-08-06T04:42:43.000Z</time>
      </trkpt>
      <trkpt lat="57.0116832" lon="9.9760658">
        <ele>16.8</ele>
        <time>2026-08-06T04:42:44.000Z</time>
      </trkpt>
      <trkpt lat="57.0116891" lon="9.9760225">
        <ele>16.8</ele>
        <time>2026-08-06T04:42:45.000Z</time>
      </trkpt>
      <trkpt lat="57.0116977" lon="9.9759852">
        <ele>16.8</ele>
        <time>2026-08-06T04:42:46.000Z</time>
      </trkpt>
      <trkpt lat="57.011702" lon="9.9759548">
        <ele>17</ele>
        <time>2026-08-06T04:42:47.000Z</time>
      </trkpt>
      <trkpt lat="57.0117114" lon="9.9759042">
        <ele>17</ele>
        <time>2026-08-06T04:42:48.000Z</time>
      </trkpt>
      <trkpt lat="57.0117156" lon="9.9758677">
        <ele>17</ele>
        <time>2026-08-06T04:42:49.000Z</time>
      </trkpt>
      <trkpt lat="57.0117208" lon="9.975834">
        <ele>17.2</ele>
        <time>2026-08-06T04:42:50.000Z</time>
      </trkpt>
      <trkpt lat="57.0117288" lon="9.9757982">
        <ele>17.2</ele>
        <time>2026-08-06T04:42:51.000Z</time>
      </trkpt>
      <trkpt lat="57.0117334" lon="9.9757659">
        <ele>17.4</ele>
        <time>2026-08-06T04:42:52.000Z</time>
      </trkpt>
      <trkpt lat="57.0117398" lon="9.9757249">
        <ele>17.6</ele>
        <time>2026-08-06T04:42:53.000Z</time>
      </trkpt>
      <trkpt lat="57.0117477" lon="9.97569">
        <ele>17.8</ele>
        <time>2026-08-06T04:42:54.000Z</time>
      </trkpt>
      <trkpt lat="57.0117532" lon="9.975661">
        <ele>17.8</ele>
        <time>2026-08-06T04:42:55.000Z</time>
      </trkpt>
      <trkpt lat="57.011761" lon="9.9756281">
        <ele>18</ele>
        <time>2026-08-06T04:42:56.000Z</time>
      </trkpt>
      <trkpt lat="57.0117707" lon="9.9755952">
        <ele>18</ele>
        <time>2026-08-06T04:42:57.000Z</time>
      </trkpt>
      <trkpt lat="57.0117743" lon="9.9755579">
        <ele>18</ele>
        <time>2026-08-06T04:42:58.000Z</time>
      </trkpt>
      <trkpt lat="57.0117846" lon="9.9755189">
        <ele>18.2</ele>
        <time>2026-08-06T04:42:59.000Z</time>
      </trkpt>
      <trkpt lat="57.0117894" lon="9.9754906">
        <ele>18.4</ele>
        <time>2026-08-06T04:43:00.000Z</time>
      </trkpt>
      <trkpt lat="57.0118002" lon="9.9754501">
        <ele>18.6</ele>
        <time>2026-08-06T04:43:01.000Z</time>
      </trkpt>
      <trkpt lat="57.011808" lon="9.9754196">
        <ele>18.8</ele>
        <time>2026-08-06T04:43:02.000Z</time>
      </trkpt>
      <trkpt lat="57.0118165" lon="9.9753907">
        <ele>19</ele>
        <time>2026-08-06T04:43:03.000Z</time>
      </trkpt>
      <trkpt lat="57.0118248" lon="9.9753496">
        <ele>19.2</ele>
        <time>2026-08-06T04:43:04.000Z</time>
      </trkpt>
      <trkpt lat="57.0118272" lon="9.975316">
        <ele>19.2</ele>
        <time>2026-08-06T04:43:05.000Z</time>
      </trkpt>
      <trkpt lat="57.0118339" lon="9.9752662">
        <ele>19.2</ele>
        <time>2026-08-06T04:43:06.000Z</time>
      </trkpt>
      <trkpt lat="57.0118457" lon="9.9752294">
        <ele>19.2</ele>
        <time>2026-08-06T04:43:07.000Z</time>
      </trkpt>
      <trkpt lat="57.0118638" lon="9.97521">
        <ele>19.2</ele>
        <time>2026-08-06T04:43:08.000Z</time>
      </trkpt>
      <trkpt lat="57.0118894" lon="9.9752047">
        <ele>19.2</ele>
        <time>2026-08-06T04:43:09.000Z</time>
      </trkpt>
      <trkpt lat="57.0119101" lon="9.9751958">
        <ele>19.2</ele>
        <time>2026-08-06T04:43:10.000Z</time>
      </trkpt>
      <trkpt lat="57.0119349" lon="9.9751908">
        <ele>19.2</ele>
        <time>2026-08-06T04:43:11.000Z</time>
      </trkpt>
      <trkpt lat="57.0119587" lon="9.9751911">
        <ele>19.2</ele>
        <time>2026-08-06T04:43:12.000Z</time>
      </trkpt>
      <trkpt lat="57.0119803" lon="9.9751717">
        <ele>19.2</ele>
        <time>2026-08-06T04:43:13.000Z</time>
      </trkpt>
      <trkpt lat="57.012003" lon="9.9751532">
        <ele>19.4</ele>
        <time>2026-08-06T04:43:14.000Z</time>
      </trkpt>
      <trkpt lat="57.0120142" lon="9.9751309">
        <ele>19.4</ele>
        <time>2026-08-06T04:43:15.000Z</time>
      </trkpt>
      <trkpt lat="57.0120258" lon="9.9750827">
        <ele>19.4</ele>
        <time>2026-08-06T04:43:16.000Z</time>
      </trkpt>
      <trkpt lat="57.012031" lon="9.975046">
        <ele>19.6</ele>
        <time>2026-08-06T04:43:17.000Z</time>
      </trkpt>
      <trkpt lat="57.0120352" lon="9.9749886">
        <ele>19.6</ele>
        <time>2026-08-06T04:43:18.000Z</time>
      </trkpt>
      <trkpt lat="57.0120325" lon="9.9749482">
        <ele>19.6</ele>
        <time>2026-08-06T04:43:19.000Z</time>
      </trkpt>
      <trkpt lat="57.0120266" lon="9.9749002">
        <ele>19.8</ele>
        <time>2026-08-06T04:43:20.000Z</time>
      </trkpt>
      <trkpt lat="57.0120267" lon="9.9748584">
        <ele>20</ele>
        <time>2026-08-06T04:43:21.000Z</time>
      </trkpt>
      <trkpt lat="57.0120236" lon="9.9748248">
        <ele>20.2</ele>
        <time>2026-08-06T04:43:22.000Z</time>
      </trkpt>
      <trkpt lat="57.0120263" lon="9.9747765">
        <ele>20.4</ele>
        <time>2026-08-06T04:43:23.000Z</time>
      </trkpt>
      <trkpt lat="57.0120245" lon="9.9747425">
        <ele>20.6</ele>
        <time>2026-08-06T04:43:24.000Z</time>
      </trkpt>
      <trkpt lat="57.012023" lon="9.9747021">
        <ele>20.6</ele>
        <time>2026-08-06T04:43:25.000Z</time>
      </trkpt>
      <trkpt lat="57.0120247" lon="9.9746647">
        <ele>20.8</ele>
        <time>2026-08-06T04:43:26.000Z</time>
      </trkpt>
      <trkpt lat="57.0120229" lon="9.9746308">
        <ele>20.8</ele>
        <time>2026-08-06T04:43:27.000Z</time>
      </trkpt>
      <trkpt lat="57.012023" lon="9.9745899">
        <ele>21</ele>
        <time>2026-08-06T04:43:28.000Z</time>
      </trkpt>
      <trkpt lat="57.0120253" lon="9.9745577">
        <ele>21.2</ele>
        <time>2026-08-06T04:43:29.000Z</time>
      </trkpt>
      <trkpt lat="57.0120262" lon="9.9745176">
        <ele>21.4</ele>
        <time>2026-08-06T04:43:30.000Z</time>
      </trkpt>
      <trkpt lat="57.0120291" lon="9.9744729">
        <ele>21.6</ele>
        <time>2026-08-06T04:43:31.000Z</time>
      </trkpt>
      <trkpt lat="57.0120323" lon="9.9744422">
        <ele>21.6</ele>
        <time>2026-08-06T04:43:32.000Z</time>
      </trkpt>
      <trkpt lat="57.012048" lon="9.9743988">
        <ele>21.8</ele>
        <time>2026-08-06T04:43:33.000Z</time>
      </trkpt>
      <trkpt lat="57.0120639" lon="9.9743836">
        <ele>21.8</ele>
        <time>2026-08-06T04:43:34.000Z</time>
      </trkpt>
      <trkpt lat="57.0120825" lon="9.9743694">
        <ele>22</ele>
        <time>2026-08-06T04:43:35.000Z</time>
      </trkpt>
      <trkpt lat="57.0121028" lon="9.9743445">
        <ele>22</ele>
        <time>2026-08-06T04:43:36.000Z</time>
      </trkpt>
      <trkpt lat="57.0121112" lon="9.9743146">
        <ele>21.6</ele>
        <time>2026-08-06T04:43:37.000Z</time>
      </trkpt>
      <trkpt lat="57.0121213" lon="9.9742613">
        <ele>21.4</ele>
        <time>2026-08-06T04:43:38.000Z</time>
      </trkpt>
      <trkpt lat="57.0121216" lon="9.9742222">
        <ele>21.2</ele>
        <time>2026-08-06T04:43:39.000Z</time>
      </trkpt>
      <trkpt lat="57.0121261" lon="9.9741717">
        <ele>21</ele>
        <time>2026-08-06T04:43:40.000Z</time>
      </trkpt>
      <trkpt lat="57.012129" lon="9.9741323">
        <ele>21</ele>
        <time>2026-08-06T04:43:41.000Z</time>
      </trkpt>
      <trkpt lat="57.0121278" lon="9.974103">
        <ele>21</ele>
        <time>2026-08-06T04:43:42.000Z</time>
      </trkpt>
      <trkpt lat="57.0121323" lon="9.9740538">
        <ele>21.2</ele>
        <time>2026-08-06T04:43:43.000Z</time>
      </trkpt>
      <trkpt lat="57.0121359" lon="9.9740202">
        <ele>21.2</ele>
        <time>2026-08-06T04:43:44.000Z</time>
      </trkpt>
      <trkpt lat="57.012141" lon="9.9739819">
        <ele>21.4</ele>
        <time>2026-08-06T04:43:45.000Z</time>
      </trkpt>
      <trkpt lat="57.0121496" lon="9.9739378">
        <ele>21.6</ele>
        <time>2026-08-06T04:43:46.000Z</time>
      </trkpt>
      <trkpt lat="57.012152" lon="9.9739044">
        <ele>21.8</ele>
        <time>2026-08-06T04:43:47.000Z</time>
      </trkpt>
      <trkpt lat="57.0121592" lon="9.97386">
        <ele>21.8</ele>
        <time>2026-08-06T04:43:48.000Z</time>
      </trkpt>
      <trkpt lat="57.0121723" lon="9.9738319">
        <ele>21.8</ele>
        <time>2026-08-06T04:43:49.000Z</time>
      </trkpt>
      <trkpt lat="57.0121862" lon="9.9738106">
        <ele>21.8</ele>
        <time>2026-08-06T04:43:50.000Z</time>
      </trkpt>
      <trkpt lat="57.0122003" lon="9.9737744">
        <ele>22</ele>
        <time>2026-08-06T04:43:51.000Z</time>
      </trkpt>
      <trkpt lat="57.012196" lon="9.9737352">
        <ele>22</ele>
        <time>2026-08-06T04:43:52.000Z</time>
      </trkpt>
      <trkpt lat="57.0121897" lon="9.9736879">
        <ele>22.2</ele>
        <time>2026-08-06T04:43:53.000Z</time>
      </trkpt>
      <trkpt lat="57.0121921" lon="9.9736396">
        <ele>22.2</ele>
        <time>2026-08-06T04:43:54.000Z</time>
      </trkpt>
      <trkpt lat="57.0121926" lon="9.9736051">
        <ele>22.4</ele>
        <time>2026-08-06T04:43:55.000Z</time>
      </trkpt>
      <trkpt lat="57.0121986" lon="9.9735558">
        <ele>22.6</ele>
        <time>2026-08-06T04:43:56.000Z</time>
      </trkpt>
      <trkpt lat="57.0121996" lon="9.9735193">
        <ele>22.6</ele>
        <time>2026-08-06T04:43:57.000Z</time>
      </trkpt>
      <trkpt lat="57.0122022" lon="9.9734734">
        <ele>22.8</ele>
        <time>2026-08-06T04:43:58.000Z</time>
      </trkpt>
      <trkpt lat="57.0122075" lon="9.9734346">
        <ele>22.8</ele>
        <time>2026-08-06T04:43:59.000Z</time>
      </trkpt>
      <trkpt lat="57.0122075" lon="9.9733976">
        <ele>22.8</ele>
        <time>2026-08-06T04:44:00.000Z</time>
      </trkpt>
      <trkpt lat="57.0122148" lon="9.9733511">
        <ele>22.8</ele>
        <time>2026-08-06T04:44:01.000Z</time>
      </trkpt>
      <trkpt lat="57.0122175" lon="9.9733181">
        <ele>22.8</ele>
        <time>2026-08-06T04:44:02.000Z</time>
      </trkpt>
      <trkpt lat="57.0122321" lon="9.9732701">
        <ele>23</ele>
        <time>2026-08-06T04:44:03.000Z</time>
      </trkpt>
      <trkpt lat="57.0122349" lon="9.9732352">
        <ele>23.2</ele>
        <time>2026-08-06T04:44:04.000Z</time>
      </trkpt>
      <trkpt lat="57.0122431" lon="9.9731809">
        <ele>23.6</ele>
        <time>2026-08-06T04:44:05.000Z</time>
      </trkpt>
      <trkpt lat="57.0122452" lon="9.9731389">
        <ele>23.8</ele>
        <time>2026-08-06T04:44:06.000Z</time>
      </trkpt>
      <trkpt lat="57.0122439" lon="9.9730906">
        <ele>23.8</ele>
        <time>2026-08-06T04:44:07.000Z</time>
      </trkpt>
      <trkpt lat="57.0122447" lon="9.973047">
        <ele>24</ele>
        <time>2026-08-06T04:44:08.000Z</time>
      </trkpt>
      <trkpt lat="57.0122409" lon="9.9730071">
        <ele>24</ele>
        <time>2026-08-06T04:44:09.000Z</time>
      </trkpt>
      <trkpt lat="57.0122393" lon="9.9729557">
        <ele>24.2</ele>
        <time>2026-08-06T04:44:10.000Z</time>
      </trkpt>
      <trkpt lat="57.012236" lon="9.9729185">
        <ele>24.2</ele>
        <time>2026-08-06T04:44:11.000Z</time>
      </trkpt>
      <trkpt lat="57.012239" lon="9.9728661">
        <ele>24.2</ele>
        <time>2026-08-06T04:44:12.000Z</time>
      </trkpt>
      <trkpt lat="57.0122415" lon="9.9728206">
        <ele>24.4</ele>
        <time>2026-08-06T04:44:13.000Z</time>
      </trkpt>
      <trkpt lat="57.0122403" lon="9.9727713">
        <ele>24.4</ele>
        <time>2026-08-06T04:44:14.000Z</time>
      </trkpt>
      <trkpt lat="57.0122444" lon="9.9727294">
        <ele>24.2</ele>
        <time>2026-08-06T04:44:15.000Z</time>
      </trkpt>
      <trkpt lat="57.0122411" lon="9.972698">
        <ele>24.2</ele>
        <time>2026-08-06T04:44:16.000Z</time>
      </trkpt>
      <trkpt lat="57.0122436" lon="9.9726447">
        <ele>24</ele>
        <time>2026-08-06T04:44:17.000Z</time>
      </trkpt>
      <trkpt lat="57.0122436" lon="9.9726083">
        <ele>23.8</ele>
        <time>2026-08-06T04:44:18.000Z</time>
      </trkpt>
      <trkpt lat="57.0122582" lon="9.9725609">
        <ele>23.6</ele>
        <time>2026-08-06T04:44:19.000Z</time>
      </trkpt>
      <trkpt lat="57.012282" lon="9.9725413">
        <ele>23.4</ele>
        <time>2026-08-06T04:44:20.000Z</time>
      </trkpt>
      <trkpt lat="57.0123126" lon="9.9725384">
        <ele>23.4</ele>
        <time>2026-08-06T04:44:21.000Z</time>
      </trkpt>
      <trkpt lat="57.012339" lon="9.9725291">
        <ele>23.4</ele>
        <time>2026-08-06T04:44:22.000Z</time>
      </trkpt>
      <trkpt lat="57.0123697" lon="9.9725272">
        <ele>23.6</ele>
        <time>2026-08-06T04:44:23.000Z</time>
      </trkpt>
      <trkpt lat="57.0123969" lon="9.9725262">
        <ele>23.8</ele>
        <time>2026-08-06T04:44:24.000Z</time>
      </trkpt>
      <trkpt lat="57.0124206" lon="9.9725232">
        <ele>23.8</ele>
        <time>2026-08-06T04:44:25.000Z</time>
      </trkpt>
      <trkpt lat="57.0124469" lon="9.9725163">
        <ele>23.8</ele>
        <time>2026-08-06T04:44:26.000Z</time>
      </trkpt>
      <trkpt lat="57.0124684" lon="9.9725053">
        <ele>23.6</ele>
        <time>2026-08-06T04:44:27.000Z</time>
      </trkpt>
      <trkpt lat="57.0124975" lon="9.9724987">
        <ele>23.6</ele>
        <time>2026-08-06T04:44:28.000Z</time>
      </trkpt>
      <trkpt lat="57.0125161" lon="9.972484">
        <ele>23.6</ele>
        <time>2026-08-06T04:44:29.000Z</time>
      </trkpt>
      <trkpt lat="57.0125408" lon="9.9724556">
        <ele>23.6</ele>
        <time>2026-08-06T04:44:30.000Z</time>
      </trkpt>
      <trkpt lat="57.0125602" lon="9.9724412">
        <ele>23.6</ele>
        <time>2026-08-06T04:44:31.000Z</time>
      </trkpt>
      <trkpt lat="57.0125736" lon="9.9724162">
        <ele>23.8</ele>
        <time>2026-08-06T04:44:32.000Z</time>
      </trkpt>
      <trkpt lat="57.0125949" lon="9.9724091">
        <ele>23.6</ele>
        <time>2026-08-06T04:44:33.000Z</time>
      </trkpt>
      <trkpt lat="57.0126095" lon="9.972388">
        <ele>23.6</ele>
        <time>2026-08-06T04:44:34.000Z</time>
      </trkpt>
      <trkpt lat="57.0126088" lon="9.9723658">
        <ele>23.4</ele>
        <time>2026-08-06T04:44:35.000Z</time>
      </trkpt>
      <trkpt lat="57.012607" lon="9.9723185">
        <ele>23.4</ele>
        <time>2026-08-06T04:44:36.000Z</time>
      </trkpt>
      <trkpt lat="57.0126062" lon="9.9722858">
        <ele>23.4</ele>
        <time>2026-08-06T04:44:37.000Z</time>
      </trkpt>
      <trkpt lat="57.0126033" lon="9.9722575">
        <ele>23.4</ele>
        <time>2026-08-06T04:44:38.000Z</time>
      </trkpt>
      <trkpt lat="57.0126095" lon="9.9722287">
        <ele>23.4</ele>
        <time>2026-08-06T04:44:39.000Z</time>
      </trkpt>
      <trkpt lat="57.0126232" lon="9.9722236">
        <ele>23.2</ele>
        <time>2026-08-06T04:44:40.000Z</time>
      </trkpt>
      <trkpt lat="57.0126427" lon="9.972224">
        <ele>23.2</ele>
        <time>2026-08-06T04:44:41.000Z</time>
      </trkpt>
      <trkpt lat="57.0126731" lon="9.9722367">
        <ele>23</ele>
        <time>2026-08-06T04:44:42.000Z</time>
      </trkpt>
      <trkpt lat="57.0127014" lon="9.9722356">
        <ele>23</ele>
        <time>2026-08-06T04:44:43.000Z</time>
      </trkpt>
      <trkpt lat="57.0127352" lon="9.9722466">
        <ele>23</ele>
        <time>2026-08-06T04:44:44.000Z</time>
      </trkpt>
      <trkpt lat="57.0127642" lon="9.9722566">
        <ele>23</ele>
        <time>2026-08-06T04:44:45.000Z</time>
      </trkpt>
      <trkpt lat="57.0127941" lon="9.9722649">
        <ele>23.2</ele>
        <time>2026-08-06T04:44:46.000Z</time>
      </trkpt>
      <trkpt lat="57.0128244" lon="9.9722721">
        <ele>23.2</ele>
        <time>2026-08-06T04:44:47.000Z</time>
      </trkpt>
      <trkpt lat="57.0128554" lon="9.9722675">
        <ele>23</ele>
        <time>2026-08-06T04:44:48.000Z</time>
      </trkpt>
      <trkpt lat="57.012881" lon="9.972266">
        <ele>23</ele>
        <time>2026-08-06T04:44:49.000Z</time>
      </trkpt>
      <trkpt lat="57.012898" lon="9.9722596">
        <ele>22.8</ele>
        <time>2026-08-06T04:44:50.000Z</time>
      </trkpt>
      <trkpt lat="57.0129207" lon="9.9722697">
        <ele>22.6</ele>
        <time>2026-08-06T04:44:51.000Z</time>
      </trkpt>
      <trkpt lat="57.0129389" lon="9.9722723">
        <ele>22.6</ele>
        <time>2026-08-06T04:44:52.000Z</time>
      </trkpt>
      <trkpt lat="57.012965" lon="9.9722787">
        <ele>22.4</ele>
        <time>2026-08-06T04:44:53.000Z</time>
      </trkpt>
      <trkpt lat="57.0129865" lon="9.9722751">
        <ele>22.2</ele>
        <time>2026-08-06T04:44:54.000Z</time>
      </trkpt>
      <trkpt lat="57.013013" lon="9.9722723">
        <ele>22</ele>
        <time>2026-08-06T04:44:55.000Z</time>
      </trkpt>
      <trkpt lat="57.0130363" lon="9.9722679">
        <ele>21.8</ele>
        <time>2026-08-06T04:44:56.000Z</time>
      </trkpt>
      <trkpt lat="57.0130632" lon="9.9722654">
        <ele>21.6</ele>
        <time>2026-08-06T04:44:57.000Z</time>
      </trkpt>
      <trkpt lat="57.0130891" lon="9.9722693">
        <ele>21.4</ele>
        <time>2026-08-06T04:44:58.000Z</time>
      </trkpt>
      <trkpt lat="57.0131146" lon="9.9722628">
        <ele>21.4</ele>
        <time>2026-08-06T04:44:59.000Z</time>
      </trkpt>
      <trkpt lat="57.0131422" lon="9.972267">
        <ele>21.4</ele>
        <time>2026-08-06T04:45:00.000Z</time>
      </trkpt>
      <trkpt lat="57.0131628" lon="9.9722618">
        <ele>21.2</ele>
        <time>2026-08-06T04:45:01.000Z</time>
      </trkpt>
      <trkpt lat="57.013188" lon="9.9722644">
        <ele>21.2</ele>
        <time>2026-08-06T04:45:02.000Z</time>
      </trkpt>
      <trkpt lat="57.0132082" lon="9.9722599">
        <ele>21</ele>
        <time>2026-08-06T04:45:03.000Z</time>
      </trkpt>
      <trkpt lat="57.0132365" lon="9.972262">
        <ele>21</ele>
        <time>2026-08-06T04:45:04.000Z</time>
      </trkpt>
      <trkpt lat="57.0132571" lon="9.9722614">
        <ele>20.8</ele>
        <time>2026-08-06T04:45:05.000Z</time>
      </trkpt>
      <trkpt lat="57.0132863" lon="9.9722663">
        <ele>20.6</ele>
        <time>2026-08-06T04:45:06.000Z</time>
      </trkpt>
      <trkpt lat="57.0133119" lon="9.9722667">
        <ele>20.6</ele>
        <time>2026-08-06T04:45:07.000Z</time>
      </trkpt>
      <trkpt lat="57.0133376" lon="9.9722697">
        <ele>20.6</ele>
        <time>2026-08-06T04:45:08.000Z</time>
      </trkpt>
      <trkpt lat="57.0133619" lon="9.9722688">
        <ele>20.6</ele>
        <time>2026-08-06T04:45:09.000Z</time>
      </trkpt>
      <trkpt lat="57.013386" lon="9.9722638">
        <ele>20.4</ele>
        <time>2026-08-06T04:45:10.000Z</time>
      </trkpt>
      <trkpt lat="57.0134097" lon="9.9722668">
        <ele>20.4</ele>
        <time>2026-08-06T04:45:11.000Z</time>
      </trkpt>
      <trkpt lat="57.0134325" lon="9.9722637">
        <ele>20.2</ele>
        <time>2026-08-06T04:45:12.000Z</time>
      </trkpt>
      <trkpt lat="57.0134599" lon="9.9722693">
        <ele>20</ele>
        <time>2026-08-06T04:45:13.000Z</time>
      </trkpt>
      <trkpt lat="57.0134827" lon="9.9722726">
        <ele>20</ele>
        <time>2026-08-06T04:45:14.000Z</time>
      </trkpt>
      <trkpt lat="57.0135106" lon="9.9722786">
        <ele>19.8</ele>
        <time>2026-08-06T04:45:15.000Z</time>
      </trkpt>
      <trkpt lat="57.0135344" lon="9.9722765">
        <ele>19.6</ele>
        <time>2026-08-06T04:45:16.000Z</time>
      </trkpt>
      <trkpt lat="57.0135629" lon="9.9722833">
        <ele>19.6</ele>
        <time>2026-08-06T04:45:17.000Z</time>
      </trkpt>
      <trkpt lat="57.0135856" lon="9.9722884">
        <ele>19.6</ele>
        <time>2026-08-06T04:45:18.000Z</time>
      </trkpt>
      <trkpt lat="57.0136128" lon="9.9722868">
        <ele>19.6</ele>
        <time>2026-08-06T04:45:19.000Z</time>
      </trkpt>
      <trkpt lat="57.0136358" lon="9.9722875">
        <ele>19.4</ele>
        <time>2026-08-06T04:45:20.000Z</time>
      </trkpt>
      <trkpt lat="57.0136569" lon="9.9722862">
        <ele>19.4</ele>
        <time>2026-08-06T04:45:21.000Z</time>
      </trkpt>
      <trkpt lat="57.0136827" lon="9.9722918">
        <ele>19.2</ele>
        <time>2026-08-06T04:45:22.000Z</time>
      </trkpt>
      <trkpt lat="57.0137032" lon="9.9722912">
        <ele>19.2</ele>
        <time>2026-08-06T04:45:23.000Z</time>
      </trkpt>
      <trkpt lat="57.0137309" lon="9.9722873">
        <ele>19.2</ele>
        <time>2026-08-06T04:45:24.000Z</time>
      </trkpt>
      <trkpt lat="57.0137527" lon="9.9722933">
        <ele>19</ele>
        <time>2026-08-06T04:45:25.000Z</time>
      </trkpt>
      <trkpt lat="57.0137763" lon="9.972297">
        <ele>19</ele>
        <time>2026-08-06T04:45:26.000Z</time>
      </trkpt>
      <trkpt lat="57.0137998" lon="9.9723038">
        <ele>19</ele>
        <time>2026-08-06T04:45:27.000Z</time>
      </trkpt>
      <trkpt lat="57.0138224" lon="9.9722984">
        <ele>18.8</ele>
        <time>2026-08-06T04:45:28.000Z</time>
      </trkpt>
      <trkpt lat="57.0138496" lon="9.9722976">
        <ele>18.8</ele>
        <time>2026-08-06T04:45:29.000Z</time>
      </trkpt>
      <trkpt lat="57.0138697" lon="9.9722919">
        <ele>18.6</ele>
        <time>2026-08-06T04:45:30.000Z</time>
      </trkpt>
      <trkpt lat="57.0138966" lon="9.9722998">
        <ele>18.6</ele>
        <time>2026-08-06T04:45:31.000Z</time>
      </trkpt>
      <trkpt lat="57.0139169" lon="9.9723058">
        <ele>18.4</ele>
        <time>2026-08-06T04:45:32.000Z</time>
      </trkpt>
      <trkpt lat="57.0139433" lon="9.9723082">
        <ele>18.4</ele>
        <time>2026-08-06T04:45:33.000Z</time>
      </trkpt>
      <trkpt lat="57.0139678" lon="9.9723032">
        <ele>18.4</ele>
        <time>2026-08-06T04:45:34.000Z</time>
      </trkpt>
      <trkpt lat="57.0139909" lon="9.9722942">
        <ele>18.2</ele>
        <time>2026-08-06T04:45:35.000Z</time>
      </trkpt>
      <trkpt lat="57.0140174" lon="9.9722986">
        <ele>18</ele>
        <time>2026-08-06T04:45:36.000Z</time>
      </trkpt>
      <trkpt lat="57.0140384" lon="9.972296">
        <ele>18</ele>
        <time>2026-08-06T04:45:37.000Z</time>
      </trkpt>
      <trkpt lat="57.0140655" lon="9.9723007">
        <ele>17.8</ele>
        <time>2026-08-06T04:45:38.000Z</time>
      </trkpt>
      <trkpt lat="57.0140858" lon="9.9723038">
        <ele>17.8</ele>
        <time>2026-08-06T04:45:39.000Z</time>
      </trkpt>
      <trkpt lat="57.0141132" lon="9.9723008">
        <ele>17.6</ele>
        <time>2026-08-06T04:45:40.000Z</time>
      </trkpt>
      <trkpt lat="57.0141381" lon="9.9723091">
        <ele>17.6</ele>
        <time>2026-08-06T04:45:41.000Z</time>
      </trkpt>
      <trkpt lat="57.0141599" lon="9.9723116">
        <ele>17.6</ele>
        <time>2026-08-06T04:45:42.000Z</time>
      </trkpt>
      <trkpt lat="57.0141877" lon="9.9723212">
        <ele>17.6</ele>
        <time>2026-08-06T04:45:43.000Z</time>
      </trkpt>
      <trkpt lat="57.0142103" lon="9.9723208">
        <ele>17.6</ele>
        <time>2026-08-06T04:45:44.000Z</time>
      </trkpt>
      <trkpt lat="57.0142398" lon="9.9723235">
        <ele>17.4</ele>
        <time>2026-08-06T04:45:45.000Z</time>
      </trkpt>
      <trkpt lat="57.0142641" lon="9.9723266">
        <ele>17.4</ele>
        <time>2026-08-06T04:45:46.000Z</time>
      </trkpt>
      <trkpt lat="57.0142925" lon="9.9723202">
        <ele>17.2</ele>
        <time>2026-08-06T04:45:47.000Z</time>
      </trkpt>
      <trkpt lat="57.0143209" lon="9.9723308">
        <ele>17</ele>
        <time>2026-08-06T04:45:48.000Z</time>
      </trkpt>
      <trkpt lat="57.0143439" lon="9.9723323">
        <ele>17</ele>
        <time>2026-08-06T04:45:49.000Z</time>
      </trkpt>
      <trkpt lat="57.014372" lon="9.972333">
        <ele>16.8</ele>
        <time>2026-08-06T04:45:50.000Z</time>
      </trkpt>
      <trkpt lat="57.0143877" lon="9.9723128">
        <ele>16.8</ele>
        <time>2026-08-06T04:45:51.000Z</time>
      </trkpt>
      <trkpt lat="57.0143991" lon="9.9722753">
        <ele>16.8</ele>
        <time>2026-08-06T04:45:52.000Z</time>
      </trkpt>
      <trkpt lat="57.0143998" lon="9.9722323">
        <ele>16.8</ele>
        <time>2026-08-06T04:45:53.000Z</time>
      </trkpt>
      <trkpt lat="57.0143981" lon="9.9721776">
        <ele>16.8</ele>
        <time>2026-08-06T04:45:54.000Z</time>
      </trkpt>
      <trkpt lat="57.0143972" lon="9.9721323">
        <ele>16.8</ele>
        <time>2026-08-06T04:45:55.000Z</time>
      </trkpt>
      <trkpt lat="57.0143934" lon="9.9720905">
        <ele>16.8</ele>
        <time>2026-08-06T04:45:56.000Z</time>
      </trkpt>
      <trkpt lat="57.014395" lon="9.9720432">
        <ele>16.8</ele>
        <time>2026-08-06T04:45:57.000Z</time>
      </trkpt>
      <trkpt lat="57.0143934" lon="9.9720076">
        <ele>16.8</ele>
        <time>2026-08-06T04:45:58.000Z</time>
      </trkpt>
      <trkpt lat="57.0143926" lon="9.9719615">
        <ele>16.8</ele>
        <time>2026-08-06T04:45:59.000Z</time>
      </trkpt>
      <trkpt lat="57.0143934" lon="9.971923">
        <ele>17</ele>
        <time>2026-08-06T04:46:00.000Z</time>
      </trkpt>
      <trkpt lat="57.0143941" lon="9.9718838">
        <ele>17</ele>
        <time>2026-08-06T04:46:01.000Z</time>
      </trkpt>
      <trkpt lat="57.0143983" lon="9.9718413">
        <ele>17.2</ele>
        <time>2026-08-06T04:46:02.000Z</time>
      </trkpt>
      <trkpt lat="57.0143969" lon="9.971808">
        <ele>17.2</ele>
        <time>2026-08-06T04:46:03.000Z</time>
      </trkpt>
      <trkpt lat="57.0144018" lon="9.9717591">
        <ele>17.2</ele>
        <time>2026-08-06T04:46:04.000Z</time>
      </trkpt>
      <trkpt lat="57.0144045" lon="9.9717239">
        <ele>17.4</ele>
        <time>2026-08-06T04:46:05.000Z</time>
      </trkpt>
      <trkpt lat="57.0144079" lon="9.9716783">
        <ele>17.4</ele>
        <time>2026-08-06T04:46:06.000Z</time>
      </trkpt>
      <trkpt lat="57.014414" lon="9.9716321">
        <ele>17.6</ele>
        <time>2026-08-06T04:46:07.000Z</time>
      </trkpt>
      <trkpt lat="57.0144152" lon="9.9715987">
        <ele>17.6</ele>
        <time>2026-08-06T04:46:08.000Z</time>
      </trkpt>
      <trkpt lat="57.0144236" lon="9.9715527">
        <ele>17.8</ele>
        <time>2026-08-06T04:46:09.000Z</time>
      </trkpt>
      <trkpt lat="57.0144282" lon="9.9715183">
        <ele>17.8</ele>
        <time>2026-08-06T04:46:10.000Z</time>
      </trkpt>
      <trkpt lat="57.0144359" lon="9.9714739">
        <ele>17.8</ele>
        <time>2026-08-06T04:46:11.000Z</time>
      </trkpt>
      <trkpt lat="57.0144449" lon="9.9714361">
        <ele>17.8</ele>
        <time>2026-08-06T04:46:12.000Z</time>
      </trkpt>
      <trkpt lat="57.0144492" lon="9.9713982">
        <ele>17.8</ele>
        <time>2026-08-06T04:46:13.000Z</time>
      </trkpt>
      <trkpt lat="57.0144601" lon="9.971359">
        <ele>18</ele>
        <time>2026-08-06T04:46:14.000Z</time>
      </trkpt>
      <trkpt lat="57.0144675" lon="9.9713221">
        <ele>18</ele>
        <time>2026-08-06T04:46:15.000Z</time>
      </trkpt>
      <trkpt lat="57.0144798" lon="9.9712781">
        <ele>18.2</ele>
        <time>2026-08-06T04:46:16.000Z</time>
      </trkpt>
      <trkpt lat="57.0144913" lon="9.9712465">
        <ele>18.2</ele>
        <time>2026-08-06T04:46:17.000Z</time>
      </trkpt>
      <trkpt lat="57.0145022" lon="9.9712112">
        <ele>18.4</ele>
        <time>2026-08-06T04:46:18.000Z</time>
      </trkpt>
      <trkpt lat="57.0145171" lon="9.9711737">
        <ele>18.4</ele>
        <time>2026-08-06T04:46:19.000Z</time>
      </trkpt>
      <trkpt lat="57.0145247" lon="9.9711419">
        <ele>18.6</ele>
        <time>2026-08-06T04:46:20.000Z</time>
      </trkpt>
      <trkpt lat="57.0145374" lon="9.9711035">
        <ele>18.8</ele>
        <time>2026-08-06T04:46:21.000Z</time>
      </trkpt>
      <trkpt lat="57.0145523" lon="9.9710725">
        <ele>18.8</ele>
        <time>2026-08-06T04:46:22.000Z</time>
      </trkpt>
      <trkpt lat="57.0145669" lon="9.9710351">
        <ele>18.8</ele>
        <time>2026-08-06T04:46:23.000Z</time>
      </trkpt>
      <trkpt lat="57.0145822" lon="9.9710074">
        <ele>19</ele>
        <time>2026-08-06T04:46:24.000Z</time>
      </trkpt>
      <trkpt lat="57.0145931" lon="9.9709768">
        <ele>19</ele>
        <time>2026-08-06T04:46:25.000Z</time>
      </trkpt>
      <trkpt lat="57.0146115" lon="9.9709433">
        <ele>19</ele>
        <time>2026-08-06T04:46:26.000Z</time>
      </trkpt>
      <trkpt lat="57.0146228" lon="9.970915">
        <ele>19</ele>
        <time>2026-08-06T04:46:27.000Z</time>
      </trkpt>
      <trkpt lat="57.0146383" lon="9.9708799">
        <ele>19.2</ele>
        <time>2026-08-06T04:46:28.000Z</time>
      </trkpt>
      <trkpt lat="57.0146524" lon="9.9708522">
        <ele>19.2</ele>
        <time>2026-08-06T04:46:29.000Z</time>
      </trkpt>
      <trkpt lat="57.0146657" lon="9.9708197">
        <ele>19.2</ele>
        <time>2026-08-06T04:46:30.000Z</time>
      </trkpt>
      <trkpt lat="57.0146817" lon="9.9707864">
        <ele>19.4</ele>
        <time>2026-08-06T04:46:31.000Z</time>
      </trkpt>
      <trkpt lat="57.014691" lon="9.9707584">
        <ele>19.4</ele>
        <time>2026-08-06T04:46:32.000Z</time>
      </trkpt>
      <trkpt lat="57.0147084" lon="9.970717">
        <ele>19.4</ele>
        <time>2026-08-06T04:46:33.000Z</time>
      </trkpt>
      <trkpt lat="57.0147222" lon="9.9706838">
        <ele>19.6</ele>
        <time>2026-08-06T04:46:34.000Z</time>
      </trkpt>
      <trkpt lat="57.0147318" lon="9.9706477">
        <ele>19.6</ele>
        <time>2026-08-06T04:46:35.000Z</time>
      </trkpt>
      <trkpt lat="57.0147447" lon="9.9706128">
        <ele>19.6</ele>
        <time>2026-08-06T04:46:36.000Z</time>
      </trkpt>
      <trkpt lat="57.0147578" lon="9.9705767">
        <ele>19.6</ele>
        <time>2026-08-06T04:46:37.000Z</time>
      </trkpt>
      <trkpt lat="57.0147731" lon="9.9705301">
        <ele>19.6</ele>
        <time>2026-08-06T04:46:38.000Z</time>
      </trkpt>
      <trkpt lat="57.0147806" lon="9.9704939">
        <ele>19.6</ele>
        <time>2026-08-06T04:46:39.000Z</time>
      </trkpt>
      <trkpt lat="57.01479" lon="9.9704472">
        <ele>19.6</ele>
        <time>2026-08-06T04:46:40.000Z</time>
      </trkpt>
      <trkpt lat="57.014799" lon="9.9704068">
        <ele>19.6</ele>
        <time>2026-08-06T04:46:41.000Z</time>
      </trkpt>
      <trkpt lat="57.014803" lon="9.9703654">
        <ele>19.6</ele>
        <time>2026-08-06T04:46:42.000Z</time>
      </trkpt>
      <trkpt lat="57.0148144" lon="9.9703187">
        <ele>19.6</ele>
        <time>2026-08-06T04:46:43.000Z</time>
      </trkpt>
      <trkpt lat="57.0148187" lon="9.9702897">
        <ele>19.8</ele>
        <time>2026-08-06T04:46:44.000Z</time>
      </trkpt>
      <trkpt lat="57.0148265" lon="9.9702467">
        <ele>20</ele>
        <time>2026-08-06T04:46:45.000Z</time>
      </trkpt>
      <trkpt lat="57.0148322" lon="9.9702066">
        <ele>20</ele>
        <time>2026-08-06T04:46:46.000Z</time>
      </trkpt>
      <trkpt lat="57.0148358" lon="9.9701671">
        <ele>20</ele>
        <time>2026-08-06T04:46:47.000Z</time>
      </trkpt>
      <trkpt lat="57.0148454" lon="9.9701219">
        <ele>20</ele>
        <time>2026-08-06T04:46:48.000Z</time>
      </trkpt>
      <trkpt lat="57.0148497" lon="9.9700856">
        <ele>20</ele>
        <time>2026-08-06T04:46:49.000Z</time>
      </trkpt>
      <trkpt lat="57.0148605" lon="9.9700437">
        <ele>19.8</ele>
        <time>2026-08-06T04:46:50.000Z</time>
      </trkpt>
      <trkpt lat="57.0148667" lon="9.9700077">
        <ele>19.6</ele>
        <time>2026-08-06T04:46:51.000Z</time>
      </trkpt>
      <trkpt lat="57.0148746" lon="9.9699665">
        <ele>19.6</ele>
        <time>2026-08-06T04:46:52.000Z</time>
      </trkpt>
      <trkpt lat="57.0148853" lon="9.9699315">
        <ele>19.6</ele>
        <time>2026-08-06T04:46:53.000Z</time>
      </trkpt>
      <trkpt lat="57.0148898" lon="9.9698939">
        <ele>19.4</ele>
        <time>2026-08-06T04:46:54.000Z</time>
      </trkpt>
      <trkpt lat="57.0148994" lon="9.9698509">
        <ele>19.4</ele>
        <time>2026-08-06T04:46:55.000Z</time>
      </trkpt>
      <trkpt lat="57.0149023" lon="9.9698183">
        <ele>19.6</ele>
        <time>2026-08-06T04:46:56.000Z</time>
      </trkpt>
      <trkpt lat="57.0149116" lon="9.9697722">
        <ele>19.6</ele>
        <time>2026-08-06T04:46:57.000Z</time>
      </trkpt>
      <trkpt lat="57.0149199" lon="9.9697329">
        <ele>19.8</ele>
        <time>2026-08-06T04:46:58.000Z</time>
      </trkpt>
      <trkpt lat="57.0149239" lon="9.9696953">
        <ele>20</ele>
        <time>2026-08-06T04:46:59.000Z</time>
      </trkpt>
      <trkpt lat="57.0149318" lon="9.969653">
        <ele>20.2</ele>
        <time>2026-08-06T04:47:00.000Z</time>
      </trkpt>
      <trkpt lat="57.0149388" lon="9.9696158">
        <ele>20.2</ele>
        <time>2026-08-06T04:47:01.000Z</time>
      </trkpt>
      <trkpt lat="57.0149503" lon="9.969569">
        <ele>20.4</ele>
        <time>2026-08-06T04:47:02.000Z</time>
      </trkpt>
      <trkpt lat="57.0149565" lon="9.9695347">
        <ele>20.4</ele>
        <time>2026-08-06T04:47:03.000Z</time>
      </trkpt>
      <trkpt lat="57.014958" lon="9.9694998">
        <ele>20.4</ele>
        <time>2026-08-06T04:47:04.000Z</time>
      </trkpt>
      <trkpt lat="57.0149668" lon="9.9694573">
        <ele>20.4</ele>
        <time>2026-08-06T04:47:05.000Z</time>
      </trkpt>
      <trkpt lat="57.0149716" lon="9.9694256">
        <ele>20.2</ele>
        <time>2026-08-06T04:47:06.000Z</time>
      </trkpt>
      <trkpt lat="57.0149799" lon="9.9693806">
        <ele>20.2</ele>
        <time>2026-08-06T04:47:07.000Z</time>
      </trkpt>
      <trkpt lat="57.0149886" lon="9.969341">
        <ele>20.2</ele>
        <time>2026-08-06T04:47:08.000Z</time>
      </trkpt>
      <trkpt lat="57.0149912" lon="9.9693025">
        <ele>20.2</ele>
        <time>2026-08-06T04:47:09.000Z</time>
      </trkpt>
      <trkpt lat="57.0150018" lon="9.969261">
        <ele>20.4</ele>
        <time>2026-08-06T04:47:10.000Z</time>
      </trkpt>
      <trkpt lat="57.015011" lon="9.9692229">
        <ele>20.6</ele>
        <time>2026-08-06T04:47:11.000Z</time>
      </trkpt>
      <trkpt lat="57.0150175" lon="9.9691786">
        <ele>20.8</ele>
        <time>2026-08-06T04:47:12.000Z</time>
      </trkpt>
      <trkpt lat="57.0150272" lon="9.9691419">
        <ele>20.8</ele>
        <time>2026-08-06T04:47:13.000Z</time>
      </trkpt>
      <trkpt lat="57.015033" lon="9.9691023">
        <ele>21</ele>
        <time>2026-08-06T04:47:14.000Z</time>
      </trkpt>
      <trkpt lat="57.0150445" lon="9.9690553">
        <ele>21</ele>
        <time>2026-08-06T04:47:15.000Z</time>
      </trkpt>
      <trkpt lat="57.0150499" lon="9.9690208">
        <ele>21</ele>
        <time>2026-08-06T04:47:16.000Z</time>
      </trkpt>
      <trkpt lat="57.0150586" lon="9.9689787">
        <ele>21.2</ele>
        <time>2026-08-06T04:47:17.000Z</time>
      </trkpt>
      <trkpt lat="57.0150668" lon="9.9689448">
        <ele>21.4</ele>
        <time>2026-08-06T04:47:18.000Z</time>
      </trkpt>
      <trkpt lat="57.0150691" lon="9.9689126">
        <ele>21.4</ele>
        <time>2026-08-06T04:47:19.000Z</time>
      </trkpt>
      <trkpt lat="57.0150775" lon="9.9688704">
        <ele>21.4</ele>
        <time>2026-08-06T04:47:20.000Z</time>
      </trkpt>
      <trkpt lat="57.0150822" lon="9.9688376">
        <ele>21.4</ele>
        <time>2026-08-06T04:47:21.000Z</time>
      </trkpt>
      <trkpt lat="57.015091" lon="9.9687832">
        <ele>21.4</ele>
        <time>2026-08-06T04:47:22.000Z</time>
      </trkpt>
      <trkpt lat="57.0150968" lon="9.9687445">
        <ele>21.4</ele>
        <time>2026-08-06T04:47:23.000Z</time>
      </trkpt>
      <trkpt lat="57.0151015" lon="9.9687046">
        <ele>21.4</ele>
        <time>2026-08-06T04:47:24.000Z</time>
      </trkpt>
      <trkpt lat="57.0151109" lon="9.9686658">
        <ele>21.4</ele>
        <time>2026-08-06T04:47:25.000Z</time>
      </trkpt>
      <trkpt lat="57.0151174" lon="9.9686255">
        <ele>21.4</ele>
        <time>2026-08-06T04:47:26.000Z</time>
      </trkpt>
      <trkpt lat="57.0151261" lon="9.9685762">
        <ele>21.4</ele>
        <time>2026-08-06T04:47:27.000Z</time>
      </trkpt>
      <trkpt lat="57.01513" lon="9.9685378">
        <ele>21.4</ele>
        <time>2026-08-06T04:47:28.000Z</time>
      </trkpt>
      <trkpt lat="57.015136" lon="9.9684893">
        <ele>21.4</ele>
        <time>2026-08-06T04:47:29.000Z</time>
      </trkpt>
      <trkpt lat="57.0151439" lon="9.9684467">
        <ele>21.6</ele>
        <time>2026-08-06T04:47:30.000Z</time>
      </trkpt>
      <trkpt lat="57.0151511" lon="9.9684039">
        <ele>21.8</ele>
        <time>2026-08-06T04:47:31.000Z</time>
      </trkpt>
      <trkpt lat="57.015166" lon="9.9683786">
        <ele>21.8</ele>
        <time>2026-08-06T04:47:32.000Z</time>
      </trkpt>
      <trkpt lat="57.0151868" lon="9.9683708">
        <ele>22</ele>
        <time>2026-08-06T04:47:33.000Z</time>
      </trkpt>
      <trkpt lat="57.0152156" lon="9.9683547">
        <ele>22.2</ele>
        <time>2026-08-06T04:47:34.000Z</time>
      </trkpt>
      <trkpt lat="57.0152345" lon="9.9683341">
        <ele>22.2</ele>
        <time>2026-08-06T04:47:35.000Z</time>
      </trkpt>
      <trkpt lat="57.015258" lon="9.9683068">
        <ele>22.2</ele>
        <time>2026-08-06T04:47:36.000Z</time>
      </trkpt>
      <trkpt lat="57.0152786" lon="9.9682729">
        <ele>22</ele>
        <time>2026-08-06T04:47:37.000Z</time>
      </trkpt>
      <trkpt lat="57.0152902" lon="9.9682367">
        <ele>22</ele>
        <time>2026-08-06T04:47:38.000Z</time>
      </trkpt>
      <trkpt lat="57.0152992" lon="9.9681869">
        <ele>21.8</ele>
        <time>2026-08-06T04:47:39.000Z</time>
      </trkpt>
      <trkpt lat="57.015302" lon="9.9681488">
        <ele>21.8</ele>
        <time>2026-08-06T04:47:40.000Z</time>
      </trkpt>
      <trkpt lat="57.0153108" lon="9.9680984">
        <ele>21.8</ele>
        <time>2026-08-06T04:47:41.000Z</time>
      </trkpt>
      <trkpt lat="57.0153149" lon="9.9680622">
        <ele>21.8</ele>
        <time>2026-08-06T04:47:42.000Z</time>
      </trkpt>
      <trkpt lat="57.0153222" lon="9.9680188">
        <ele>22</ele>
        <time>2026-08-06T04:47:43.000Z</time>
      </trkpt>
      <trkpt lat="57.015333" lon="9.9679768">
        <ele>22</ele>
        <time>2026-08-06T04:47:44.000Z</time>
      </trkpt>
      <trkpt lat="57.0153381" lon="9.9679404">
        <ele>22.2</ele>
        <time>2026-08-06T04:47:45.000Z</time>
      </trkpt>
      <trkpt lat="57.0153488" lon="9.9678996">
        <ele>22.2</ele>
        <time>2026-08-06T04:47:46.000Z</time>
      </trkpt>
      <trkpt lat="57.015365" lon="9.9678647">
        <ele>22.2</ele>
        <time>2026-08-06T04:47:47.000Z</time>
      </trkpt>
      <trkpt lat="57.0153804" lon="9.9678318">
        <ele>22.2</ele>
        <time>2026-08-06T04:47:48.000Z</time>
      </trkpt>
      <trkpt lat="57.0154066" lon="9.9678104">
        <ele>22.2</ele>
        <time>2026-08-06T04:47:49.000Z</time>
      </trkpt>
      <trkpt lat="57.0154281" lon="9.9677932">
        <ele>22.2</ele>
        <time>2026-08-06T04:47:50.000Z</time>
      </trkpt>
      <trkpt lat="57.0154571" lon="9.9677809">
        <ele>22.2</ele>
        <time>2026-08-06T04:47:51.000Z</time>
      </trkpt>
      <trkpt lat="57.0154835" lon="9.967786">
        <ele>22</ele>
        <time>2026-08-06T04:47:52.000Z</time>
      </trkpt>
      <trkpt lat="57.0155061" lon="9.9677803">
        <ele>22</ele>
        <time>2026-08-06T04:47:53.000Z</time>
      </trkpt>
      <trkpt lat="57.0155383" lon="9.9677753">
        <ele>22</ele>
        <time>2026-08-06T04:47:54.000Z</time>
      </trkpt>
      <trkpt lat="57.0155607" lon="9.9677732">
        <ele>22</ele>
        <time>2026-08-06T04:47:55.000Z</time>
      </trkpt>
      <trkpt lat="57.0155829" lon="9.9677505">
        <ele>22</ele>
        <time>2026-08-06T04:47:56.000Z</time>
      </trkpt>
      <trkpt lat="57.0156026" lon="9.9677299">
        <ele>22</ele>
        <time>2026-08-06T04:47:57.000Z</time>
      </trkpt>
      <trkpt lat="57.0156204" lon="9.9677024">
        <ele>22</ele>
        <time>2026-08-06T04:47:58.000Z</time>
      </trkpt>
      <trkpt lat="57.0156511" lon="9.9676854">
        <ele>22</ele>
        <time>2026-08-06T04:47:59.000Z</time>
      </trkpt>
      <trkpt lat="57.0156727" lon="9.9676787">
        <ele>21.8</ele>
        <time>2026-08-06T04:48:00.000Z</time>
      </trkpt>
      <trkpt lat="57.0157019" lon="9.9676878">
        <ele>22</ele>
        <time>2026-08-06T04:48:01.000Z</time>
      </trkpt>
      <trkpt lat="57.0157289" lon="9.9676993">
        <ele>22</ele>
        <time>2026-08-06T04:48:02.000Z</time>
      </trkpt>
      <trkpt lat="57.0157568" lon="9.9677075">
        <ele>22</ele>
        <time>2026-08-06T04:48:03.000Z</time>
      </trkpt>
      <trkpt lat="57.0157822" lon="9.9677293">
        <ele>22</ele>
        <time>2026-08-06T04:48:04.000Z</time>
      </trkpt>
      <trkpt lat="57.015804" lon="9.967731">
        <ele>22.2</ele>
        <time>2026-08-06T04:48:05.000Z</time>
      </trkpt>
      <trkpt lat="57.0158331" lon="9.9677449">
        <ele>22.2</ele>
        <time>2026-08-06T04:48:06.000Z</time>
      </trkpt>
      <trkpt lat="57.0158529" lon="9.9677598">
        <ele>22.2</ele>
        <time>2026-08-06T04:48:07.000Z</time>
      </trkpt>
      <trkpt lat="57.0158762" lon="9.9677675">
        <ele>22.2</ele>
        <time>2026-08-06T04:48:08.000Z</time>
      </trkpt>
      <trkpt lat="57.0158992" lon="9.9677842">
        <ele>22</ele>
        <time>2026-08-06T04:48:09.000Z</time>
      </trkpt>
      <trkpt lat="57.0159203" lon="9.9677916">
        <ele>22</ele>
        <time>2026-08-06T04:48:10.000Z</time>
      </trkpt>
      <trkpt lat="57.0159508" lon="9.9678067">
        <ele>22</ele>
        <time>2026-08-06T04:48:11.000Z</time>
      </trkpt>
      <trkpt lat="57.0159764" lon="9.9678131">
        <ele>22</ele>
        <time>2026-08-06T04:48:12.000Z</time>
      </trkpt>
      <trkpt lat="57.0160052" lon="9.9678149">
        <ele>22</ele>
        <time>2026-08-06T04:48:13.000Z</time>
      </trkpt>
      <trkpt lat="57.0160314" lon="9.9678138">
        <ele>22.2</ele>
        <time>2026-08-06T04:48:14.000Z</time>
      </trkpt>
      <trkpt lat="57.0160559" lon="9.9678146">
        <ele>22</ele>
        <time>2026-08-06T04:48:15.000Z</time>
      </trkpt>
      <trkpt lat="57.016073" lon="9.9678202">
        <ele>22</ele>
        <time>2026-08-06T04:48:16.000Z</time>
      </trkpt>
      <trkpt lat="57.0160824" lon="9.9678142">
        <ele>22</ele>
        <time>2026-08-06T04:48:17.000Z</time>
      </trkpt>
      <trkpt lat="57.016093" lon="9.9678105">
        <ele>21.8</ele>
        <time>2026-08-06T04:48:18.000Z</time>
      </trkpt>
      <trkpt lat="57.0161028" lon="9.9678255">
        <ele>21.6</ele>
        <time>2026-08-06T04:48:19.000Z</time>
      </trkpt>
      <trkpt lat="57.0161154" lon="9.9678282">
        <ele>21.2</ele>
        <time>2026-08-06T04:48:20.000Z</time>
      </trkpt>
      <trkpt lat="57.0161269" lon="9.9678356">
        <ele>20.8</ele>
        <time>2026-08-06T04:48:21.000Z</time>
      </trkpt>
      <trkpt lat="57.016138" lon="9.9678401">
        <ele>20.2</ele>
        <time>2026-08-06T04:48:22.000Z</time>
      </trkpt>
      <trkpt lat="57.0161522" lon="9.9678487">
        <ele>19.6</ele>
        <time>2026-08-06T04:48:23.000Z</time>
      </trkpt>
      <trkpt lat="57.0161715" lon="9.9678608">
        <ele>19.2</ele>
        <time>2026-08-06T04:48:24.000Z</time>
      </trkpt>
      <trkpt lat="57.0161902" lon="9.9678713">
        <ele>18.8</ele>
        <time>2026-08-06T04:48:25.000Z</time>
      </trkpt>
      <trkpt lat="57.0162208" lon="9.9678824">
        <ele>18.6</ele>
        <time>2026-08-06T04:48:26.000Z</time>
      </trkpt>
      <trkpt lat="57.016244" lon="9.9678629">
        <ele>18.6</ele>
        <time>2026-08-06T04:48:27.000Z</time>
      </trkpt>
      <trkpt lat="57.0162627" lon="9.9678319">
        <ele>18.6</ele>
        <time>2026-08-06T04:48:28.000Z</time>
      </trkpt>
      <trkpt lat="57.0162693" lon="9.9677897">
        <ele>18.6</ele>
        <time>2026-08-06T04:48:29.000Z</time>
      </trkpt>
      <trkpt lat="57.0162726" lon="9.9677356">
        <ele>18.6</ele>
        <time>2026-08-06T04:48:30.000Z</time>
      </trkpt>
      <trkpt lat="57.0162782" lon="9.9676954">
        <ele>18.4</ele>
        <time>2026-08-06T04:48:31.000Z</time>
      </trkpt>
      <trkpt lat="57.0162774" lon="9.9676561">
        <ele>18.4</ele>
        <time>2026-08-06T04:48:32.000Z</time>
      </trkpt>
      <trkpt lat="57.016279" lon="9.9676059">
        <ele>18.4</ele>
        <time>2026-08-06T04:48:33.000Z</time>
      </trkpt>
      <trkpt lat="57.0162751" lon="9.9675736">
        <ele>18.4</ele>
        <time>2026-08-06T04:48:34.000Z</time>
      </trkpt>
      <trkpt lat="57.0162748" lon="9.9675148">
        <ele>18.4</ele>
        <time>2026-08-06T04:48:35.000Z</time>
      </trkpt>
      <trkpt lat="57.0162726" lon="9.9674705">
        <ele>18.6</ele>
        <time>2026-08-06T04:48:36.000Z</time>
      </trkpt>
      <trkpt lat="57.0162671" lon="9.9674246">
        <ele>18.6</ele>
        <time>2026-08-06T04:48:37.000Z</time>
      </trkpt>
      <trkpt lat="57.0162641" lon="9.9673829">
        <ele>18.6</ele>
        <time>2026-08-06T04:48:38.000Z</time>
      </trkpt>
      <trkpt lat="57.0162577" lon="9.9673503">
        <ele>18.8</ele>
        <time>2026-08-06T04:48:39.000Z</time>
      </trkpt>
      <trkpt lat="57.0162548" lon="9.9673021">
        <ele>18.8</ele>
        <time>2026-08-06T04:48:40.000Z</time>
      </trkpt>
      <trkpt lat="57.0162486" lon="9.9672747">
        <ele>18.8</ele>
        <time>2026-08-06T04:48:41.000Z</time>
      </trkpt>
      <trkpt lat="57.0162444" lon="9.9672286">
        <ele>18.8</ele>
        <time>2026-08-06T04:48:42.000Z</time>
      </trkpt>
      <trkpt lat="57.0162438" lon="9.9671859">
        <ele>19</ele>
        <time>2026-08-06T04:48:43.000Z</time>
      </trkpt>
      <trkpt lat="57.016236" lon="9.9671467">
        <ele>19</ele>
        <time>2026-08-06T04:48:44.000Z</time>
      </trkpt>
      <trkpt lat="57.0162366" lon="9.9670974">
        <ele>19.2</ele>
        <time>2026-08-06T04:48:45.000Z</time>
      </trkpt>
      <trkpt lat="57.016232" lon="9.9670663">
        <ele>19.2</ele>
        <time>2026-08-06T04:48:46.000Z</time>
      </trkpt>
      <trkpt lat="57.0162338" lon="9.9670184">
        <ele>19.4</ele>
        <time>2026-08-06T04:48:47.000Z</time>
      </trkpt>
      <trkpt lat="57.0162349" lon="9.966978">
        <ele>19.4</ele>
        <time>2026-08-06T04:48:48.000Z</time>
      </trkpt>
      <trkpt lat="57.0162368" lon="9.9669349">
        <ele>19.6</ele>
        <time>2026-08-06T04:48:49.000Z</time>
      </trkpt>
      <trkpt lat="57.0162387" lon="9.9668925">
        <ele>19.8</ele>
        <time>2026-08-06T04:48:50.000Z</time>
      </trkpt>
      <trkpt lat="57.0162354" lon="9.9668553">
        <ele>20</ele>
        <time>2026-08-06T04:48:51.000Z</time>
      </trkpt>
      <trkpt lat="57.016245" lon="9.9668052">
        <ele>20</ele>
        <time>2026-08-06T04:48:52.000Z</time>
      </trkpt>
      <trkpt lat="57.0162459" lon="9.9667711">
        <ele>19.8</ele>
        <time>2026-08-06T04:48:53.000Z</time>
      </trkpt>
      <trkpt lat="57.0162497" lon="9.9667271">
        <ele>19.8</ele>
        <time>2026-08-06T04:48:54.000Z</time>
      </trkpt>
      <trkpt lat="57.0162557" lon="9.9666855">
        <ele>19.6</ele>
        <time>2026-08-06T04:48:55.000Z</time>
      </trkpt>
      <trkpt lat="57.016262" lon="9.9666429">
        <ele>19.6</ele>
        <time>2026-08-06T04:48:56.000Z</time>
      </trkpt>
      <trkpt lat="57.0162732" lon="9.9665941">
        <ele>19.6</ele>
        <time>2026-08-06T04:48:57.000Z</time>
      </trkpt>
      <trkpt lat="57.0162764" lon="9.9665585">
        <ele>19.8</ele>
        <time>2026-08-06T04:48:58.000Z</time>
      </trkpt>
      <trkpt lat="57.0162846" lon="9.9665097">
        <ele>20</ele>
        <time>2026-08-06T04:48:59.000Z</time>
      </trkpt>
      <trkpt lat="57.0162936" lon="9.9664663">
        <ele>20</ele>
        <time>2026-08-06T04:49:00.000Z</time>
      </trkpt>
      <trkpt lat="57.016302" lon="9.9664262">
        <ele>20.2</ele>
        <time>2026-08-06T04:49:01.000Z</time>
      </trkpt>
      <trkpt lat="57.0163137" lon="9.9663795">
        <ele>20.2</ele>
        <time>2026-08-06T04:49:02.000Z</time>
      </trkpt>
      <trkpt lat="57.016319" lon="9.9663406">
        <ele>20.2</ele>
        <time>2026-08-06T04:49:03.000Z</time>
      </trkpt>
      <trkpt lat="57.0163267" lon="9.9662888">
        <ele>20</ele>
        <time>2026-08-06T04:49:04.000Z</time>
      </trkpt>
      <trkpt lat="57.0163277" lon="9.9662523">
        <ele>20</ele>
        <time>2026-08-06T04:49:05.000Z</time>
      </trkpt>
      <trkpt lat="57.0163361" lon="9.9662074">
        <ele>20</ele>
        <time>2026-08-06T04:49:06.000Z</time>
      </trkpt>
      <trkpt lat="57.0163473" lon="9.9661685">
        <ele>20</ele>
        <time>2026-08-06T04:49:07.000Z</time>
      </trkpt>
      <trkpt lat="57.0163555" lon="9.9661297">
        <ele>20</ele>
        <time>2026-08-06T04:49:08.000Z</time>
      </trkpt>
      <trkpt lat="57.0163685" lon="9.9660893">
        <ele>20</ele>
        <time>2026-08-06T04:49:09.000Z</time>
      </trkpt>
      <trkpt lat="57.0163775" lon="9.9660568">
        <ele>20</ele>
        <time>2026-08-06T04:49:10.000Z</time>
      </trkpt>
      <trkpt lat="57.0163931" lon="9.9660111">
        <ele>20</ele>
        <time>2026-08-06T04:49:11.000Z</time>
      </trkpt>
      <trkpt lat="57.0164093" lon="9.965975">
        <ele>20</ele>
        <time>2026-08-06T04:49:12.000Z</time>
      </trkpt>
      <trkpt lat="57.0164217" lon="9.9659422">
        <ele>20</ele>
        <time>2026-08-06T04:49:13.000Z</time>
      </trkpt>
      <trkpt lat="57.0164416" lon="9.9659091">
        <ele>20.2</ele>
        <time>2026-08-06T04:49:14.000Z</time>
      </trkpt>
      <trkpt lat="57.0164553" lon="9.9658801">
        <ele>20.2</ele>
        <time>2026-08-06T04:49:15.000Z</time>
      </trkpt>
      <trkpt lat="57.0164763" lon="9.9658434">
        <ele>20.2</ele>
        <time>2026-08-06T04:49:16.000Z</time>
      </trkpt>
      <trkpt lat="57.0164938" lon="9.9658131">
        <ele>20</ele>
        <time>2026-08-06T04:49:17.000Z</time>
      </trkpt>
      <trkpt lat="57.0165114" lon="9.9657804">
        <ele>20</ele>
        <time>2026-08-06T04:49:18.000Z</time>
      </trkpt>
      <trkpt lat="57.0165294" lon="9.9657496">
        <ele>20.2</ele>
        <time>2026-08-06T04:49:19.000Z</time>
      </trkpt>
      <trkpt lat="57.0165455" lon="9.9657202">
        <ele>20.2</ele>
        <time>2026-08-06T04:49:20.000Z</time>
      </trkpt>
      <trkpt lat="57.016568" lon="9.9656913">
        <ele>20.4</ele>
        <time>2026-08-06T04:49:21.000Z</time>
      </trkpt>
      <trkpt lat="57.0165849" lon="9.965669">
        <ele>20.6</ele>
        <time>2026-08-06T04:49:22.000Z</time>
      </trkpt>
      <trkpt lat="57.0166065" lon="9.9656354">
        <ele>20.8</ele>
        <time>2026-08-06T04:49:23.000Z</time>
      </trkpt>
      <trkpt lat="57.0166254" lon="9.9656116">
        <ele>20.8</ele>
        <time>2026-08-06T04:49:24.000Z</time>
      </trkpt>
      <trkpt lat="57.0166462" lon="9.9655824">
        <ele>20.8</ele>
        <time>2026-08-06T04:49:25.000Z</time>
      </trkpt>
      <trkpt lat="57.0166664" lon="9.9655508">
        <ele>20.8</ele>
        <time>2026-08-06T04:49:26.000Z</time>
      </trkpt>
      <trkpt lat="57.016682" lon="9.9655262">
        <ele>21</ele>
        <time>2026-08-06T04:49:27.000Z</time>
      </trkpt>
      <trkpt lat="57.0167039" lon="9.9654882">
        <ele>21</ele>
        <time>2026-08-06T04:49:28.000Z</time>
      </trkpt>
      <trkpt lat="57.0167177" lon="9.9654546">
        <ele>21</ele>
        <time>2026-08-06T04:49:29.000Z</time>
      </trkpt>
      <trkpt lat="57.0167303" lon="9.9654186">
        <ele>21</ele>
        <time>2026-08-06T04:49:30.000Z</time>
      </trkpt>
      <trkpt lat="57.0167415" lon="9.9653836">
        <ele>21</ele>
        <time>2026-08-06T04:49:31.000Z</time>
      </trkpt>
      <trkpt lat="57.0167474" lon="9.9653481">
        <ele>21</ele>
        <time>2026-08-06T04:49:32.000Z</time>
      </trkpt>
      <trkpt lat="57.0167563" lon="9.9653033">
        <ele>21</ele>
        <time>2026-08-06T04:49:33.000Z</time>
      </trkpt>
      <trkpt lat="57.016761" lon="9.9652638">
        <ele>21</ele>
        <time>2026-08-06T04:49:34.000Z</time>
      </trkpt>
      <trkpt lat="57.0167509" lon="9.9652202">
        <ele>21</ele>
        <time>2026-08-06T04:49:35.000Z</time>
      </trkpt>
      <trkpt lat="57.0167334" lon="9.9651862">
        <ele>20.8</ele>
        <time>2026-08-06T04:49:36.000Z</time>
      </trkpt>
      <trkpt lat="57.0167112" lon="9.9651708">
        <ele>20.8</ele>
        <time>2026-08-06T04:49:37.000Z</time>
      </trkpt>
      <trkpt lat="57.0166862" lon="9.9651525">
        <ele>20.8</ele>
        <time>2026-08-06T04:49:38.000Z</time>
      </trkpt>
      <trkpt lat="57.0166664" lon="9.9651389">
        <ele>20.8</ele>
        <time>2026-08-06T04:49:39.000Z</time>
      </trkpt>
      <trkpt lat="57.0166398" lon="9.9651231">
        <ele>20.8</ele>
        <time>2026-08-06T04:49:40.000Z</time>
      </trkpt>
      <trkpt lat="57.0166193" lon="9.9651116">
        <ele>21</ele>
        <time>2026-08-06T04:49:41.000Z</time>
      </trkpt>
      <trkpt lat="57.0165948" lon="9.9651059">
        <ele>21</ele>
        <time>2026-08-06T04:49:42.000Z</time>
      </trkpt>
      <trkpt lat="57.0165711" lon="9.9650895">
        <ele>20.8</ele>
        <time>2026-08-06T04:49:43.000Z</time>
      </trkpt>
      <trkpt lat="57.0165495" lon="9.96508">
        <ele>20.8</ele>
        <time>2026-08-06T04:49:44.000Z</time>
      </trkpt>
      <trkpt lat="57.0165222" lon="9.9650628">
        <ele>20.8</ele>
        <time>2026-08-06T04:49:45.000Z</time>
      </trkpt>
      <trkpt lat="57.0164988" lon="9.9650531">
        <ele>20.8</ele>
        <time>2026-08-06T04:49:46.000Z</time>
      </trkpt>
      <trkpt lat="57.0164727" lon="9.9650454">
        <ele>20.8</ele>
        <time>2026-08-06T04:49:47.000Z</time>
      </trkpt>
      <trkpt lat="57.0164495" lon="9.9650242">
        <ele>20.8</ele>
        <time>2026-08-06T04:49:48.000Z</time>
      </trkpt>
      <trkpt lat="57.0164301" lon="9.9650141">
        <ele>20.8</ele>
        <time>2026-08-06T04:49:49.000Z</time>
      </trkpt>
      <trkpt lat="57.0164039" lon="9.9649998">
        <ele>20.6</ele>
        <time>2026-08-06T04:49:50.000Z</time>
      </trkpt>
      <trkpt lat="57.0163867" lon="9.9649862">
        <ele>20.6</ele>
        <time>2026-08-06T04:49:51.000Z</time>
      </trkpt>
      <trkpt lat="57.0163613" lon="9.9649728">
        <ele>20.4</ele>
        <time>2026-08-06T04:49:52.000Z</time>
      </trkpt>
      <trkpt lat="57.0163395" lon="9.9649477">
        <ele>20.2</ele>
        <time>2026-08-06T04:49:53.000Z</time>
      </trkpt>
      <trkpt lat="57.0163199" lon="9.9649316">
        <ele>20.2</ele>
        <time>2026-08-06T04:49:54.000Z</time>
      </trkpt>
      <trkpt lat="57.0162946" lon="9.9649112">
        <ele>20.2</ele>
        <time>2026-08-06T04:49:55.000Z</time>
      </trkpt>
      <trkpt lat="57.0162757" lon="9.9649014">
        <ele>20.2</ele>
        <time>2026-08-06T04:49:56.000Z</time>
      </trkpt>
      <trkpt lat="57.0162532" lon="9.9648796">
        <ele>20.4</ele>
        <time>2026-08-06T04:49:57.000Z</time>
      </trkpt>
      <trkpt lat="57.0162361" lon="9.9648527">
        <ele>20.4</ele>
        <time>2026-08-06T04:49:58.000Z</time>
      </trkpt>
      <trkpt lat="57.0162151" lon="9.9648404">
        <ele>20.2</ele>
        <time>2026-08-06T04:49:59.000Z</time>
      </trkpt>
      <trkpt lat="57.0161914" lon="9.9648116">
        <ele>20.2</ele>
        <time>2026-08-06T04:50:00.000Z</time>
      </trkpt>
      <trkpt lat="57.0161705" lon="9.9647879">
        <ele>20</ele>
        <time>2026-08-06T04:50:01.000Z</time>
      </trkpt>
      <trkpt lat="57.0161455" lon="9.9647554">
        <ele>19.8</ele>
        <time>2026-08-06T04:50:02.000Z</time>
      </trkpt>
      <trkpt lat="57.0161251" lon="9.9647233">
        <ele>20</ele>
        <time>2026-08-06T04:50:03.000Z</time>
      </trkpt>
      <trkpt lat="57.0161065" lon="9.9646963">
        <ele>20.2</ele>
        <time>2026-08-06T04:50:04.000Z</time>
      </trkpt>
      <trkpt lat="57.0160914" lon="9.9646624">
        <ele>20.6</ele>
        <time>2026-08-06T04:50:05.000Z</time>
      </trkpt>
      <trkpt lat="57.0160745" lon="9.9646416">
        <ele>20.6</ele>
        <time>2026-08-06T04:50:06.000Z</time>
      </trkpt>
      <trkpt lat="57.0160565" lon="9.9645976">
        <ele>20.8</ele>
        <time>2026-08-06T04:50:07.000Z</time>
      </trkpt>
      <trkpt lat="57.0160407" lon="9.9645652">
        <ele>21</ele>
        <time>2026-08-06T04:50:08.000Z</time>
      </trkpt>
      <trkpt lat="57.0160257" lon="9.9645275">
        <ele>21</ele>
        <time>2026-08-06T04:50:09.000Z</time>
      </trkpt>
      <trkpt lat="57.0160117" lon="9.9644931">
        <ele>21</ele>
        <time>2026-08-06T04:50:10.000Z</time>
      </trkpt>
      <trkpt lat="57.0159982" lon="9.9644689">
        <ele>21</ele>
        <time>2026-08-06T04:50:11.000Z</time>
      </trkpt>
      <trkpt lat="57.0159818" lon="9.9644269">
        <ele>21.2</ele>
        <time>2026-08-06T04:50:12.000Z</time>
      </trkpt>
      <trkpt lat="57.0159695" lon="9.9643999">
        <ele>21.2</ele>
        <time>2026-08-06T04:50:13.000Z</time>
      </trkpt>
      <trkpt lat="57.0159541" lon="9.9643622">
        <ele>21.2</ele>
        <time>2026-08-06T04:50:14.000Z</time>
      </trkpt>
      <trkpt lat="57.0159447" lon="9.9643271">
        <ele>21.2</ele>
        <time>2026-08-06T04:50:15.000Z</time>
      </trkpt>
      <trkpt lat="57.0159324" lon="9.9642966">
        <ele>21.2</ele>
        <time>2026-08-06T04:50:16.000Z</time>
      </trkpt>
      <trkpt lat="57.0159236" lon="9.9642513">
        <ele>21.4</ele>
        <time>2026-08-06T04:50:17.000Z</time>
      </trkpt>
      <trkpt lat="57.0159133" lon="9.9642175">
        <ele>21.6</ele>
        <time>2026-08-06T04:50:18.000Z</time>
      </trkpt>
      <trkpt lat="57.0159043" lon="9.9641712">
        <ele>21.8</ele>
        <time>2026-08-06T04:50:19.000Z</time>
      </trkpt>
      <trkpt lat="57.0158925" lon="9.9641353">
        <ele>22</ele>
        <time>2026-08-06T04:50:20.000Z</time>
      </trkpt>
      <trkpt lat="57.0158833" lon="9.9641007">
        <ele>22.2</ele>
        <time>2026-08-06T04:50:21.000Z</time>
      </trkpt>
      <trkpt lat="57.0158753" lon="9.9640579">
        <ele>22.4</ele>
        <time>2026-08-06T04:50:22.000Z</time>
      </trkpt>
      <trkpt lat="57.0158656" lon="9.9640275">
        <ele>22.6</ele>
        <time>2026-08-06T04:50:23.000Z</time>
      </trkpt>
      <trkpt lat="57.0158568" lon="9.9639854">
        <ele>22.6</ele>
        <time>2026-08-06T04:50:24.000Z</time>
      </trkpt>
      <trkpt lat="57.0158513" lon="9.9639472">
        <ele>22.8</ele>
        <time>2026-08-06T04:50:25.000Z</time>
      </trkpt>
      <trkpt lat="57.0158433" lon="9.9639031">
        <ele>23</ele>
        <time>2026-08-06T04:50:26.000Z</time>
      </trkpt>
      <trkpt lat="57.0158396" lon="9.9638581">
        <ele>23</ele>
        <time>2026-08-06T04:50:27.000Z</time>
      </trkpt>
      <trkpt lat="57.0158325" lon="9.9638203">
        <ele>23.2</ele>
        <time>2026-08-06T04:50:28.000Z</time>
      </trkpt>
      <trkpt lat="57.0158277" lon="9.9637722">
        <ele>23.2</ele>
        <time>2026-08-06T04:50:29.000Z</time>
      </trkpt>
      <trkpt lat="57.0158216" lon="9.9637388">
        <ele>23.4</ele>
        <time>2026-08-06T04:50:30.000Z</time>
      </trkpt>
      <trkpt lat="57.0158194" lon="9.9636917">
        <ele>23.4</ele>
        <time>2026-08-06T04:50:31.000Z</time>
      </trkpt>
      <trkpt lat="57.0158221" lon="9.9636558">
        <ele>23.6</ele>
        <time>2026-08-06T04:50:32.000Z</time>
      </trkpt>
      <trkpt lat="57.0158273" lon="9.9636206">
        <ele>23.6</ele>
        <time>2026-08-06T04:50:33.000Z</time>
      </trkpt>
      <trkpt lat="57.0158386" lon="9.9635801">
        <ele>23.8</ele>
        <time>2026-08-06T04:50:34.000Z</time>
      </trkpt>
      <trkpt lat="57.0158477" lon="9.9635522">
        <ele>24</ele>
        <time>2026-08-06T04:50:35.000Z</time>
      </trkpt>
      <trkpt lat="57.0158578" lon="9.963508">
        <ele>24.2</ele>
        <time>2026-08-06T04:50:36.000Z</time>
      </trkpt>
      <trkpt lat="57.0158672" lon="9.963479">
        <ele>24.2</ele>
        <time>2026-08-06T04:50:37.000Z</time>
      </trkpt>
      <trkpt lat="57.0158769" lon="9.9634453">
        <ele>24.4</ele>
        <time>2026-08-06T04:50:38.000Z</time>
      </trkpt>
      <trkpt lat="57.0158881" lon="9.9634105">
        <ele>24.6</ele>
        <time>2026-08-06T04:50:39.000Z</time>
      </trkpt>
      <trkpt lat="57.0158967" lon="9.9633816">
        <ele>24.8</ele>
        <time>2026-08-06T04:50:40.000Z</time>
      </trkpt>
      <trkpt lat="57.0159077" lon="9.9633413">
        <ele>24.8</ele>
        <time>2026-08-06T04:50:41.000Z</time>
      </trkpt>
      <trkpt lat="57.0159148" lon="9.9633096">
        <ele>25</ele>
        <time>2026-08-06T04:50:42.000Z</time>
      </trkpt>
      <trkpt lat="57.0159249" lon="9.9632728">
        <ele>25</ele>
        <time>2026-08-06T04:50:43.000Z</time>
      </trkpt>
      <trkpt lat="57.015936" lon="9.9632395">
        <ele>25.2</ele>
        <time>2026-08-06T04:50:44.000Z</time>
      </trkpt>
      <trkpt lat="57.0159441" lon="9.9632121">
        <ele>25.4</ele>
        <time>2026-08-06T04:50:45.000Z</time>
      </trkpt>
      <trkpt lat="57.0159547" lon="9.9631712">
        <ele>25.6</ele>
        <time>2026-08-06T04:50:46.000Z</time>
      </trkpt>
      <trkpt lat="57.0159627" lon="9.9631451">
        <ele>25.8</ele>
        <time>2026-08-06T04:50:47.000Z</time>
      </trkpt>
      <trkpt lat="57.0159704" lon="9.963114">
        <ele>26</ele>
        <time>2026-08-06T04:50:48.000Z</time>
      </trkpt>
      <trkpt lat="57.0159821" lon="9.9630825">
        <ele>26.2</ele>
        <time>2026-08-06T04:50:49.000Z</time>
      </trkpt>
      <trkpt lat="57.0159895" lon="9.9630573">
        <ele>26.2</ele>
        <time>2026-08-06T04:50:50.000Z</time>
      </trkpt>
      <trkpt lat="57.0160014" lon="9.9630241">
        <ele>26.4</ele>
        <time>2026-08-06T04:50:51.000Z</time>
      </trkpt>
      <trkpt lat="57.0160096" lon="9.9629982">
        <ele>26.6</ele>
        <time>2026-08-06T04:50:52.000Z</time>
      </trkpt>
      <trkpt lat="57.0160199" lon="9.9629723">
        <ele>26.8</ele>
        <time>2026-08-06T04:50:53.000Z</time>
      </trkpt>
      <trkpt lat="57.0160319" lon="9.9629397">
        <ele>27</ele>
        <time>2026-08-06T04:50:54.000Z</time>
      </trkpt>
      <trkpt lat="57.0160391" lon="9.962912">
        <ele>27.2</ele>
        <time>2026-08-06T04:50:55.000Z</time>
      </trkpt>
      <trkpt lat="57.0160489" lon="9.962876">
        <ele>27.2</ele>
        <time>2026-08-06T04:50:56.000Z</time>
      </trkpt>
      <trkpt lat="57.0160562" lon="9.9628457">
        <ele>27.4</ele>
        <time>2026-08-06T04:50:57.000Z</time>
      </trkpt>
      <trkpt lat="57.0160621" lon="9.9628166">
        <ele>27.6</ele>
        <time>2026-08-06T04:50:58.000Z</time>
      </trkpt>
      <trkpt lat="57.0160717" lon="9.9627849">
        <ele>27.6</ele>
        <time>2026-08-06T04:50:59.000Z</time>
      </trkpt>
      <trkpt lat="57.016079" lon="9.9627563">
        <ele>27.6</ele>
        <time>2026-08-06T04:51:00.000Z</time>
      </trkpt>
      <trkpt lat="57.0160873" lon="9.9627133">
        <ele>27.8</ele>
        <time>2026-08-06T04:51:01.000Z</time>
      </trkpt>
      <trkpt lat="57.0160967" lon="9.9626875">
        <ele>27.8</ele>
        <time>2026-08-06T04:51:02.000Z</time>
      </trkpt>
      <trkpt lat="57.0161029" lon="9.9626593">
        <ele>27.6</ele>
        <time>2026-08-06T04:51:03.000Z</time>
      </trkpt>
      <trkpt lat="57.0161134" lon="9.9626284">
        <ele>27.8</ele>
        <time>2026-08-06T04:51:04.000Z</time>
      </trkpt>
      <trkpt lat="57.0161201" lon="9.9625998">
        <ele>27.8</ele>
        <time>2026-08-06T04:51:05.000Z</time>
      </trkpt>
      <trkpt lat="57.0161319" lon="9.9625605">
        <ele>28</ele>
        <time>2026-08-06T04:51:06.000Z</time>
      </trkpt>
      <trkpt lat="57.0161421" lon="9.9625292">
        <ele>28</ele>
        <time>2026-08-06T04:51:07.000Z</time>
      </trkpt>
      <trkpt lat="57.0161509" lon="9.9624963">
        <ele>28.2</ele>
        <time>2026-08-06T04:51:08.000Z</time>
      </trkpt>
      <trkpt lat="57.0161702" lon="9.9624615">
        <ele>28.2</ele>
        <time>2026-08-06T04:51:09.000Z</time>
      </trkpt>
      <trkpt lat="57.0161861" lon="9.9624318">
        <ele>28.4</ele>
        <time>2026-08-06T04:51:10.000Z</time>
      </trkpt>
      <trkpt lat="57.0162091" lon="9.9624011">
        <ele>28.4</ele>
        <time>2026-08-06T04:51:11.000Z</time>
      </trkpt>
      <trkpt lat="57.0162255" lon="9.9623812">
        <ele>28.4</ele>
        <time>2026-08-06T04:51:12.000Z</time>
      </trkpt>
      <trkpt lat="57.0162422" lon="9.9623559">
        <ele>28.6</ele>
        <time>2026-08-06T04:51:13.000Z</time>
      </trkpt>
      <trkpt lat="57.0162634" lon="9.9623319">
        <ele>28.8</ele>
        <time>2026-08-06T04:51:14.000Z</time>
      </trkpt>
      <trkpt lat="57.0162767" lon="9.9623037">
        <ele>28.8</ele>
        <time>2026-08-06T04:51:15.000Z</time>
      </trkpt>
      <trkpt lat="57.0162958" lon="9.9622654">
        <ele>29</ele>
        <time>2026-08-06T04:51:16.000Z</time>
      </trkpt>
      <trkpt lat="57.0163037" lon="9.9622361">
        <ele>29</ele>
        <time>2026-08-06T04:51:17.000Z</time>
      </trkpt>
      <trkpt lat="57.0163183" lon="9.9621898">
        <ele>29</ele>
        <time>2026-08-06T04:51:18.000Z</time>
      </trkpt>
      <trkpt lat="57.0163272" lon="9.9621548">
        <ele>29.2</ele>
        <time>2026-08-06T04:51:19.000Z</time>
      </trkpt>
      <trkpt lat="57.0163357" lon="9.9621194">
        <ele>29.2</ele>
        <time>2026-08-06T04:51:20.000Z</time>
      </trkpt>
      <trkpt lat="57.016348" lon="9.962088">
        <ele>29.2</ele>
        <time>2026-08-06T04:51:21.000Z</time>
      </trkpt>
      <trkpt lat="57.0163526" lon="9.9620547">
        <ele>29.2</ele>
        <time>2026-08-06T04:51:22.000Z</time>
      </trkpt>
      <trkpt lat="57.0163678" lon="9.9620111">
        <ele>29.4</ele>
        <time>2026-08-06T04:51:23.000Z</time>
      </trkpt>
      <trkpt lat="57.0163776" lon="9.9619811">
        <ele>29.4</ele>
        <time>2026-08-06T04:51:24.000Z</time>
      </trkpt>
      <trkpt lat="57.0163852" lon="9.9619447">
        <ele>29.4</ele>
        <time>2026-08-06T04:51:25.000Z</time>
      </trkpt>
      <trkpt lat="57.0163971" lon="9.9619073">
        <ele>29.6</ele>
        <time>2026-08-06T04:51:26.000Z</time>
      </trkpt>
      <trkpt lat="57.0164025" lon="9.9618752">
        <ele>29.6</ele>
        <time>2026-08-06T04:51:27.000Z</time>
      </trkpt>
      <trkpt lat="57.0164138" lon="9.9618317">
        <ele>29.6</ele>
        <time>2026-08-06T04:51:28.000Z</time>
      </trkpt>
      <trkpt lat="57.0164235" lon="9.9617962">
        <ele>29.6</ele>
        <time>2026-08-06T04:51:29.000Z</time>
      </trkpt>
      <trkpt lat="57.0164299" lon="9.9617645">
        <ele>29.6</ele>
        <time>2026-08-06T04:51:30.000Z</time>
      </trkpt>
      <trkpt lat="57.0164445" lon="9.9617249">
        <ele>29.6</ele>
        <time>2026-08-06T04:51:31.000Z</time>
      </trkpt>
      <trkpt lat="57.0164534" lon="9.961696">
        <ele>29.6</ele>
        <time>2026-08-06T04:51:32.000Z</time>
      </trkpt>
      <trkpt lat="57.0164652" lon="9.9616552">
        <ele>29.6</ele>
        <time>2026-08-06T04:51:33.000Z</time>
      </trkpt>
      <trkpt lat="57.0164763" lon="9.9616226">
        <ele>29.6</ele>
        <time>2026-08-06T04:51:34.000Z</time>
      </trkpt>
      <trkpt lat="57.0164851" lon="9.9615894">
        <ele>29.8</ele>
        <time>2026-08-06T04:51:35.000Z</time>
      </trkpt>
      <trkpt lat="57.0164994" lon="9.9615478">
        <ele>30</ele>
        <time>2026-08-06T04:51:36.000Z</time>
      </trkpt>
      <trkpt lat="57.0165086" lon="9.9615133">
        <ele>30.2</ele>
        <time>2026-08-06T04:51:37.000Z</time>
      </trkpt>
      <trkpt lat="57.0165179" lon="9.9614758">
        <ele>30.2</ele>
        <time>2026-08-06T04:51:38.000Z</time>
      </trkpt>
      <trkpt lat="57.0165308" lon="9.9614413">
        <ele>30.2</ele>
        <time>2026-08-06T04:51:39.000Z</time>
      </trkpt>
      <trkpt lat="57.0165396" lon="9.9614105">
        <ele>30</ele>
        <time>2026-08-06T04:51:40.000Z</time>
      </trkpt>
      <trkpt lat="57.0165506" lon="9.9613681">
        <ele>30</ele>
        <time>2026-08-06T04:51:41.000Z</time>
      </trkpt>
      <trkpt lat="57.01656" lon="9.961338">
        <ele>30</ele>
        <time>2026-08-06T04:51:42.000Z</time>
      </trkpt>
      <trkpt lat="57.0165687" lon="9.9613026">
        <ele>30</ele>
        <time>2026-08-06T04:51:43.000Z</time>
      </trkpt>
      <trkpt lat="57.0165829" lon="9.961266">
        <ele>30.2</ele>
        <time>2026-08-06T04:51:44.000Z</time>
      </trkpt>
      <trkpt lat="57.0165945" lon="9.9612306">
        <ele>30.2</ele>
        <time>2026-08-06T04:51:45.000Z</time>
      </trkpt>
      <trkpt lat="57.0166058" lon="9.96119">
        <ele>30.4</ele>
        <time>2026-08-06T04:51:46.000Z</time>
      </trkpt>
      <trkpt lat="57.0166198" lon="9.9611515">
        <ele>30.6</ele>
        <time>2026-08-06T04:51:47.000Z</time>
      </trkpt>
      <trkpt lat="57.0166288" lon="9.9611203">
        <ele>30.6</ele>
        <time>2026-08-06T04:51:48.000Z</time>
      </trkpt>
      <trkpt lat="57.0166393" lon="9.9610763">
        <ele>30.8</ele>
        <time>2026-08-06T04:51:49.000Z</time>
      </trkpt>
      <trkpt lat="57.0166485" lon="9.96104">
        <ele>31</ele>
        <time>2026-08-06T04:51:50.000Z</time>
      </trkpt>
      <trkpt lat="57.0166564" lon="9.9610008">
        <ele>31.2</ele>
        <time>2026-08-06T04:51:51.000Z</time>
      </trkpt>
      <trkpt lat="57.0166677" lon="9.9609619">
        <ele>31.4</ele>
        <time>2026-08-06T04:51:52.000Z</time>
      </trkpt>
      <trkpt lat="57.0166747" lon="9.960925">
        <ele>31.4</ele>
        <time>2026-08-06T04:51:53.000Z</time>
      </trkpt>
      <trkpt lat="57.0166867" lon="9.9608823">
        <ele>31.6</ele>
        <time>2026-08-06T04:51:54.000Z</time>
      </trkpt>
      <trkpt lat="57.0166983" lon="9.9608455">
        <ele>31.6</ele>
        <time>2026-08-06T04:51:55.000Z</time>
      </trkpt>
      <trkpt lat="57.0167085" lon="9.9608095">
        <ele>31.4</ele>
        <time>2026-08-06T04:51:56.000Z</time>
      </trkpt>
      <trkpt lat="57.0167234" lon="9.960774">
        <ele>31.2</ele>
        <time>2026-08-06T04:51:57.000Z</time>
      </trkpt>
      <trkpt lat="57.0167321" lon="9.9607403">
        <ele>31</ele>
        <time>2026-08-06T04:51:58.000Z</time>
      </trkpt>
      <trkpt lat="57.0167462" lon="9.9606945">
        <ele>31</ele>
        <time>2026-08-06T04:51:59.000Z</time>
      </trkpt>
      <trkpt lat="57.0167595" lon="9.9606594">
        <ele>30.8</ele>
        <time>2026-08-06T04:52:00.000Z</time>
      </trkpt>
      <trkpt lat="57.01677" lon="9.9606226">
        <ele>30.8</ele>
        <time>2026-08-06T04:52:01.000Z</time>
      </trkpt>
      <trkpt lat="57.0167814" lon="9.9605845">
        <ele>31</ele>
        <time>2026-08-06T04:52:02.000Z</time>
      </trkpt>
      <trkpt lat="57.0167887" lon="9.960553">
        <ele>31</ele>
        <time>2026-08-06T04:52:03.000Z</time>
      </trkpt>
      <trkpt lat="57.0167996" lon="9.9605108">
        <ele>30.8</ele>
        <time>2026-08-06T04:52:04.000Z</time>
      </trkpt>
      <trkpt lat="57.0168066" lon="9.960474">
        <ele>30.6</ele>
        <time>2026-08-06T04:52:05.000Z</time>
      </trkpt>
      <trkpt lat="57.016819" lon="9.9604317">
        <ele>30.6</ele>
        <time>2026-08-06T04:52:06.000Z</time>
      </trkpt>
      <trkpt lat="57.0168308" lon="9.9603973">
        <ele>30.6</ele>
        <time>2026-08-06T04:52:07.000Z</time>
      </trkpt>
      <trkpt lat="57.0168408" lon="9.9603598">
        <ele>30.8</ele>
        <time>2026-08-06T04:52:08.000Z</time>
      </trkpt>
      <trkpt lat="57.0168541" lon="9.9603235">
        <ele>31</ele>
        <time>2026-08-06T04:52:09.000Z</time>
      </trkpt>
      <trkpt lat="57.0168643" lon="9.9602835">
        <ele>31.2</ele>
        <time>2026-08-06T04:52:10.000Z</time>
      </trkpt>
      <trkpt lat="57.0168767" lon="9.9602396">
        <ele>31.4</ele>
        <time>2026-08-06T04:52:11.000Z</time>
      </trkpt>
      <trkpt lat="57.0168866" lon="9.9602005">
        <ele>31.6</ele>
        <time>2026-08-06T04:52:12.000Z</time>
      </trkpt>
      <trkpt lat="57.0168976" lon="9.9601646">
        <ele>31.6</ele>
        <time>2026-08-06T04:52:13.000Z</time>
      </trkpt>
      <trkpt lat="57.016912" lon="9.9601234">
        <ele>31.6</ele>
        <time>2026-08-06T04:52:14.000Z</time>
      </trkpt>
      <trkpt lat="57.0169188" lon="9.9600861">
        <ele>31.6</ele>
        <time>2026-08-06T04:52:15.000Z</time>
      </trkpt>
      <trkpt lat="57.0169323" lon="9.960043">
        <ele>31.6</ele>
        <time>2026-08-06T04:52:16.000Z</time>
      </trkpt>
      <trkpt lat="57.0169446" lon="9.9600067">
        <ele>31.6</ele>
        <time>2026-08-06T04:52:17.000Z</time>
      </trkpt>
      <trkpt lat="57.0169533" lon="9.9599714">
        <ele>31.6</ele>
        <time>2026-08-06T04:52:18.000Z</time>
      </trkpt>
      <trkpt lat="57.0169669" lon="9.959928">
        <ele>31.6</ele>
        <time>2026-08-06T04:52:19.000Z</time>
      </trkpt>
      <trkpt lat="57.0169768" lon="9.9598949">
        <ele>31.8</ele>
        <time>2026-08-06T04:52:20.000Z</time>
      </trkpt>
      <trkpt lat="57.0169902" lon="9.9598521">
        <ele>32</ele>
        <time>2026-08-06T04:52:21.000Z</time>
      </trkpt>
      <trkpt lat="57.0170019" lon="9.9598189">
        <ele>32</ele>
        <time>2026-08-06T04:52:22.000Z</time>
      </trkpt>
      <trkpt lat="57.0170094" lon="9.9597887">
        <ele>32.2</ele>
        <time>2026-08-06T04:52:23.000Z</time>
      </trkpt>
      <trkpt lat="57.0170275" lon="9.9597529">
        <ele>32.4</ele>
        <time>2026-08-06T04:52:24.000Z</time>
      </trkpt>
      <trkpt lat="57.0170391" lon="9.9597155">
        <ele>32.4</ele>
        <time>2026-08-06T04:52:25.000Z</time>
      </trkpt>
      <trkpt lat="57.0170511" lon="9.959676">
        <ele>32.4</ele>
        <time>2026-08-06T04:52:26.000Z</time>
      </trkpt>
      <trkpt lat="57.0170617" lon="9.959636">
        <ele>32.4</ele>
        <time>2026-08-06T04:52:27.000Z</time>
      </trkpt>
      <trkpt lat="57.0170686" lon="9.9596019">
        <ele>32.4</ele>
        <time>2026-08-06T04:52:28.000Z</time>
      </trkpt>
      <trkpt lat="57.0170814" lon="9.9595524">
        <ele>32.4</ele>
        <time>2026-08-06T04:52:29.000Z</time>
      </trkpt>
      <trkpt lat="57.0170927" lon="9.9595165">
        <ele>32.4</ele>
        <time>2026-08-06T04:52:30.000Z</time>
      </trkpt>
      <trkpt lat="57.0171028" lon="9.959481">
        <ele>32.6</ele>
        <time>2026-08-06T04:52:31.000Z</time>
      </trkpt>
      <trkpt lat="57.0171149" lon="9.9594408">
        <ele>32.6</ele>
        <time>2026-08-06T04:52:32.000Z</time>
      </trkpt>
      <trkpt lat="57.0171216" lon="9.9594089">
        <ele>32.6</ele>
        <time>2026-08-06T04:52:33.000Z</time>
      </trkpt>
      <trkpt lat="57.0171359" lon="9.9593611">
        <ele>32.6</ele>
        <time>2026-08-06T04:52:34.000Z</time>
      </trkpt>
      <trkpt lat="57.0171443" lon="9.9593252">
        <ele>32.6</ele>
        <time>2026-08-06T04:52:35.000Z</time>
      </trkpt>
      <trkpt lat="57.0171549" lon="9.9592864">
        <ele>32.6</ele>
        <time>2026-08-06T04:52:36.000Z</time>
      </trkpt>
      <trkpt lat="57.017168" lon="9.9592496">
        <ele>32.6</ele>
        <time>2026-08-06T04:52:37.000Z</time>
      </trkpt>
      <trkpt lat="57.0171741" lon="9.9592188">
        <ele>32.6</ele>
        <time>2026-08-06T04:52:38.000Z</time>
      </trkpt>
      <trkpt lat="57.0171868" lon="9.9591765">
        <ele>32.6</ele>
        <time>2026-08-06T04:52:39.000Z</time>
      </trkpt>
      <trkpt lat="57.0171972" lon="9.9591428">
        <ele>32.6</ele>
        <time>2026-08-06T04:52:40.000Z</time>
      </trkpt>
      <trkpt lat="57.0172074" lon="9.9591038">
        <ele>32.6</ele>
        <time>2026-08-06T04:52:41.000Z</time>
      </trkpt>
      <trkpt lat="57.0172263" lon="9.9590628">
        <ele>32.6</ele>
        <time>2026-08-06T04:52:42.000Z</time>
      </trkpt>
      <trkpt lat="57.0172413" lon="9.9590298">
        <ele>32.8</ele>
        <time>2026-08-06T04:52:43.000Z</time>
      </trkpt>
      <trkpt lat="57.017271" lon="9.9590213">
        <ele>33</ele>
        <time>2026-08-06T04:52:44.000Z</time>
      </trkpt>
      <trkpt lat="57.0172937" lon="9.9590402">
        <ele>33.2</ele>
        <time>2026-08-06T04:52:45.000Z</time>
      </trkpt>
      <trkpt lat="57.0173088" lon="9.9590676">
        <ele>33.4</ele>
        <time>2026-08-06T04:52:46.000Z</time>
      </trkpt>
      <trkpt lat="57.0173072" lon="9.9591138">
        <ele>33.6</ele>
        <time>2026-08-06T04:52:47.000Z</time>
      </trkpt>
      <trkpt lat="57.0173029" lon="9.959151">
        <ele>33.8</ele>
        <time>2026-08-06T04:52:48.000Z</time>
      </trkpt>
      <trkpt lat="57.0172953" lon="9.959203">
        <ele>33.8</ele>
        <time>2026-08-06T04:52:49.000Z</time>
      </trkpt>
      <trkpt lat="57.0172958" lon="9.9592502">
        <ele>33.8</ele>
        <time>2026-08-06T04:52:50.000Z</time>
      </trkpt>
      <trkpt lat="57.0173046" lon="9.9592845">
        <ele>33.8</ele>
        <time>2026-08-06T04:52:51.000Z</time>
      </trkpt>
      <trkpt lat="57.0173255" lon="9.9593189">
        <ele>33.8</ele>
        <time>2026-08-06T04:52:52.000Z</time>
      </trkpt>
      <trkpt lat="57.017346" lon="9.9593347">
        <ele>33.8</ele>
        <time>2026-08-06T04:52:53.000Z</time>
      </trkpt>
      <trkpt lat="57.0173755" lon="9.9593312">
        <ele>33.6</ele>
        <time>2026-08-06T04:52:54.000Z</time>
      </trkpt>
      <trkpt lat="57.0174001" lon="9.9593157">
        <ele>33.4</ele>
        <time>2026-08-06T04:52:55.000Z</time>
      </trkpt>
      <trkpt lat="57.0174238" lon="9.9592926">
        <ele>33.2</ele>
        <time>2026-08-06T04:52:56.000Z</time>
      </trkpt>
      <trkpt lat="57.0174523" lon="9.9592778">
        <ele>33.2</ele>
        <time>2026-08-06T04:52:57.000Z</time>
      </trkpt>
      <trkpt lat="57.0174739" lon="9.9592592">
        <ele>33.2</ele>
        <time>2026-08-06T04:52:58.000Z</time>
      </trkpt>
      <trkpt lat="57.0175056" lon="9.9592525">
        <ele>33.2</ele>
        <time>2026-08-06T04:52:59.000Z</time>
      </trkpt>
      <trkpt lat="57.0175264" lon="9.9592622">
        <ele>33</ele>
        <time>2026-08-06T04:53:00.000Z</time>
      </trkpt>
      <trkpt lat="57.0175487" lon="9.9592637">
        <ele>33</ele>
        <time>2026-08-06T04:53:01.000Z</time>
      </trkpt>
      <trkpt lat="57.0175769" lon="9.9592816">
        <ele>32.8</ele>
        <time>2026-08-06T04:53:02.000Z</time>
      </trkpt>
      <trkpt lat="57.017602" lon="9.9592893">
        <ele>32.8</ele>
        <time>2026-08-06T04:53:03.000Z</time>
      </trkpt>
      <trkpt lat="57.017633" lon="9.9593068">
        <ele>32.6</ele>
        <time>2026-08-06T04:53:04.000Z</time>
      </trkpt>
      <trkpt lat="57.017658" lon="9.9593213">
        <ele>32.4</ele>
        <time>2026-08-06T04:53:05.000Z</time>
      </trkpt>
      <trkpt lat="57.0176845" lon="9.9593468">
        <ele>32.4</ele>
        <time>2026-08-06T04:53:06.000Z</time>
      </trkpt>
      <trkpt lat="57.0177092" lon="9.9593651">
        <ele>32.4</ele>
        <time>2026-08-06T04:53:07.000Z</time>
      </trkpt>
      <trkpt lat="57.0177321" lon="9.9593851">
        <ele>32.4</ele>
        <time>2026-08-06T04:53:08.000Z</time>
      </trkpt>
      <trkpt lat="57.017758" lon="9.9594099">
        <ele>32.4</ele>
        <time>2026-08-06T04:53:09.000Z</time>
      </trkpt>
      <trkpt lat="57.0177792" lon="9.959419">
        <ele>32.4</ele>
        <time>2026-08-06T04:53:10.000Z</time>
      </trkpt>
      <trkpt lat="57.0178022" lon="9.9594444">
        <ele>32.4</ele>
        <time>2026-08-06T04:53:11.000Z</time>
      </trkpt>
      <trkpt lat="57.0178247" lon="9.9594561">
        <ele>32.4</ele>
        <time>2026-08-06T04:53:12.000Z</time>
      </trkpt>
      <trkpt lat="57.0178431" lon="9.9594679">
        <ele>32.4</ele>
        <time>2026-08-06T04:53:13.000Z</time>
      </trkpt>
      <trkpt lat="57.0178646" lon="9.9594927">
        <ele>32.4</ele>
        <time>2026-08-06T04:53:14.000Z</time>
      </trkpt>
      <trkpt lat="57.0178859" lon="9.9595105">
        <ele>32.4</ele>
        <time>2026-08-06T04:53:15.000Z</time>
      </trkpt>
      <trkpt lat="57.0179073" lon="9.9595317">
        <ele>32.4</ele>
        <time>2026-08-06T04:53:16.000Z</time>
      </trkpt>
      <trkpt lat="57.0179303" lon="9.9595569">
        <ele>32.4</ele>
        <time>2026-08-06T04:53:17.000Z</time>
      </trkpt>
      <trkpt lat="57.017949" lon="9.9595701">
        <ele>32.2</ele>
        <time>2026-08-06T04:53:18.000Z</time>
      </trkpt>
      <trkpt lat="57.017972" lon="9.9595915">
        <ele>32.2</ele>
        <time>2026-08-06T04:53:19.000Z</time>
      </trkpt>
      <trkpt lat="57.0179927" lon="9.9596112">
        <ele>32.2</ele>
        <time>2026-08-06T04:53:20.000Z</time>
      </trkpt>
      <trkpt lat="57.0180154" lon="9.9596319">
        <ele>32.2</ele>
        <time>2026-08-06T04:53:21.000Z</time>
      </trkpt>
      <trkpt lat="57.0180361" lon="9.9596527">
        <ele>32.2</ele>
        <time>2026-08-06T04:53:22.000Z</time>
      </trkpt>
      <trkpt lat="57.0180518" lon="9.9596663">
        <ele>32.4</ele>
        <time>2026-08-06T04:53:23.000Z</time>
      </trkpt>
      <trkpt lat="57.0180767" lon="9.95968">
        <ele>32.4</ele>
        <time>2026-08-06T04:53:24.000Z</time>
      </trkpt>
      <trkpt lat="57.0180952" lon="9.9596992">
        <ele>32.4</ele>
        <time>2026-08-06T04:53:25.000Z</time>
      </trkpt>
      <trkpt lat="57.018119" lon="9.9597202">
        <ele>32.6</ele>
        <time>2026-08-06T04:53:26.000Z</time>
      </trkpt>
      <trkpt lat="57.0181397" lon="9.9597387">
        <ele>32.6</ele>
        <time>2026-08-06T04:53:27.000Z</time>
      </trkpt>
      <trkpt lat="57.0181598" lon="9.9597508">
        <ele>32.6</ele>
        <time>2026-08-06T04:53:28.000Z</time>
      </trkpt>
      <trkpt lat="57.0181836" lon="9.9597694">
        <ele>32.6</ele>
        <time>2026-08-06T04:53:29.000Z</time>
      </trkpt>
      <trkpt lat="57.0182059" lon="9.9597933">
        <ele>32.8</ele>
        <time>2026-08-06T04:53:30.000Z</time>
      </trkpt>
      <trkpt lat="57.0182268" lon="9.9598132">
        <ele>32.8</ele>
        <time>2026-08-06T04:53:31.000Z</time>
      </trkpt>
      <trkpt lat="57.0182493" lon="9.9598281">
        <ele>32.8</ele>
        <time>2026-08-06T04:53:32.000Z</time>
      </trkpt>
      <trkpt lat="57.0182712" lon="9.9598416">
        <ele>33</ele>
        <time>2026-08-06T04:53:33.000Z</time>
      </trkpt>
      <trkpt lat="57.0182947" lon="9.9598693">
        <ele>33</ele>
        <time>2026-08-06T04:53:34.000Z</time>
      </trkpt>
      <trkpt lat="57.0183167" lon="9.9598891">
        <ele>33.2</ele>
        <time>2026-08-06T04:53:35.000Z</time>
      </trkpt>
      <trkpt lat="57.0183351" lon="9.9599055">
        <ele>33.2</ele>
        <time>2026-08-06T04:53:36.000Z</time>
      </trkpt>
      <trkpt lat="57.0183584" lon="9.9599271">
        <ele>33.4</ele>
        <time>2026-08-06T04:53:37.000Z</time>
      </trkpt>
      <trkpt lat="57.0183839" lon="9.9599404">
        <ele>33.4</ele>
        <time>2026-08-06T04:53:38.000Z</time>
      </trkpt>
      <trkpt lat="57.0184054" lon="9.9599699">
        <ele>33.6</ele>
        <time>2026-08-06T04:53:39.000Z</time>
      </trkpt>
      <trkpt lat="57.0184256" lon="9.9599907">
        <ele>33.8</ele>
        <time>2026-08-06T04:53:40.000Z</time>
      </trkpt>
      <trkpt lat="57.018448" lon="9.9600003">
        <ele>34</ele>
        <time>2026-08-06T04:53:41.000Z</time>
      </trkpt>
      <trkpt lat="57.0184717" lon="9.960019">
        <ele>34</ele>
        <time>2026-08-06T04:53:42.000Z</time>
      </trkpt>
      <trkpt lat="57.0184898" lon="9.9600308">
        <ele>34.2</ele>
        <time>2026-08-06T04:53:43.000Z</time>
      </trkpt>
      <trkpt lat="57.0185121" lon="9.9600597">
        <ele>34.2</ele>
        <time>2026-08-06T04:53:44.000Z</time>
      </trkpt>
      <trkpt lat="57.0185331" lon="9.9600749">
        <ele>34.4</ele>
        <time>2026-08-06T04:53:45.000Z</time>
      </trkpt>
      <trkpt lat="57.0185541" lon="9.9600845">
        <ele>34.6</ele>
        <time>2026-08-06T04:53:46.000Z</time>
      </trkpt>
      <trkpt lat="57.0185784" lon="9.9601051">
        <ele>34.8</ele>
        <time>2026-08-06T04:53:47.000Z</time>
      </trkpt>
      <trkpt lat="57.0185996" lon="9.9601208">
        <ele>35</ele>
        <time>2026-08-06T04:53:48.000Z</time>
      </trkpt>
      <trkpt lat="57.0186197" lon="9.9601345">
        <ele>35</ele>
        <time>2026-08-06T04:53:49.000Z</time>
      </trkpt>
      <trkpt lat="57.0186374" lon="9.9601536">
        <ele>35.2</ele>
        <time>2026-08-06T04:53:50.000Z</time>
      </trkpt>
      <trkpt lat="57.0186549" lon="9.9601634">
        <ele>35.2</ele>
        <time>2026-08-06T04:53:51.000Z</time>
      </trkpt>
      <trkpt lat="57.0186755" lon="9.9601807">
        <ele>35.4</ele>
        <time>2026-08-06T04:53:52.000Z</time>
      </trkpt>
      <trkpt lat="57.018692" lon="9.960198">
        <ele>35.6</ele>
        <time>2026-08-06T04:53:53.000Z</time>
      </trkpt>
      <trkpt lat="57.0187137" lon="9.9602121">
        <ele>35.8</ele>
        <time>2026-08-06T04:53:54.000Z</time>
      </trkpt>
      <trkpt lat="57.0187321" lon="9.9602285">
        <ele>35.8</ele>
        <time>2026-08-06T04:53:55.000Z</time>
      </trkpt>
      <trkpt lat="57.0187495" lon="9.9602404">
        <ele>36</ele>
        <time>2026-08-06T04:53:56.000Z</time>
      </trkpt>
      <trkpt lat="57.0187753" lon="9.9602607">
        <ele>36.2</ele>
        <time>2026-08-06T04:53:57.000Z</time>
      </trkpt>
      <trkpt lat="57.0187941" lon="9.9602771">
        <ele>36.4</ele>
        <time>2026-08-06T04:53:58.000Z</time>
      </trkpt>
      <trkpt lat="57.0188113" lon="9.9602878">
        <ele>36.4</ele>
        <time>2026-08-06T04:53:59.000Z</time>
      </trkpt>
      <trkpt lat="57.0188295" lon="9.9603119">
        <ele>36.6</ele>
        <time>2026-08-06T04:54:00.000Z</time>
      </trkpt>
      <trkpt lat="57.0188456" lon="9.9603246">
        <ele>36.6</ele>
        <time>2026-08-06T04:54:01.000Z</time>
      </trkpt>
      <trkpt lat="57.0188652" lon="9.9603475">
        <ele>36.8</ele>
        <time>2026-08-06T04:54:02.000Z</time>
      </trkpt>
      <trkpt lat="57.0188808" lon="9.9603704">
        <ele>37</ele>
        <time>2026-08-06T04:54:03.000Z</time>
      </trkpt>
      <trkpt lat="57.0188983" lon="9.9603868">
        <ele>37</ele>
        <time>2026-08-06T04:54:04.000Z</time>
      </trkpt>
      <trkpt lat="57.0189159" lon="9.9604158">
        <ele>37.2</ele>
        <time>2026-08-06T04:54:05.000Z</time>
      </trkpt>
      <trkpt lat="57.0189352" lon="9.9604323">
        <ele>37.4</ele>
        <time>2026-08-06T04:54:06.000Z</time>
      </trkpt>
      <trkpt lat="57.0189555" lon="9.9604565">
        <ele>37.6</ele>
        <time>2026-08-06T04:54:07.000Z</time>
      </trkpt>
      <trkpt lat="57.0189745" lon="9.9604765">
        <ele>37.6</ele>
        <time>2026-08-06T04:54:08.000Z</time>
      </trkpt>
      <trkpt lat="57.0189921" lon="9.9604934">
        <ele>37.6</ele>
        <time>2026-08-06T04:54:09.000Z</time>
      </trkpt>
      <trkpt lat="57.0190094" lon="9.9605275">
        <ele>37.8</ele>
        <time>2026-08-06T04:54:10.000Z</time>
      </trkpt>
      <trkpt lat="57.0190253" lon="9.9605512">
        <ele>37.8</ele>
        <time>2026-08-06T04:54:11.000Z</time>
      </trkpt>
      <trkpt lat="57.019041" lon="9.9605799">
        <ele>38</ele>
        <time>2026-08-06T04:54:12.000Z</time>
      </trkpt>
      <trkpt lat="57.0190564" lon="9.9606062">
        <ele>38.2</ele>
        <time>2026-08-06T04:54:13.000Z</time>
      </trkpt>
      <trkpt lat="57.0190708" lon="9.9606242">
        <ele>38.2</ele>
        <time>2026-08-06T04:54:14.000Z</time>
      </trkpt>
      <trkpt lat="57.0190871" lon="9.9606559">
        <ele>38.4</ele>
        <time>2026-08-06T04:54:15.000Z</time>
      </trkpt>
      <trkpt lat="57.0191028" lon="9.9606832">
        <ele>38.4</ele>
        <time>2026-08-06T04:54:16.000Z</time>
      </trkpt>
      <trkpt lat="57.0191202" lon="9.9607094">
        <ele>38.4</ele>
        <time>2026-08-06T04:54:17.000Z</time>
      </trkpt>
      <trkpt lat="57.0191375" lon="9.960734">
        <ele>38.6</ele>
        <time>2026-08-06T04:54:18.000Z</time>
      </trkpt>
      <trkpt lat="57.019155" lon="9.960757">
        <ele>38.6</ele>
        <time>2026-08-06T04:54:19.000Z</time>
      </trkpt>
      <trkpt lat="57.0191743" lon="9.9607874">
        <ele>38.6</ele>
        <time>2026-08-06T04:54:20.000Z</time>
      </trkpt>
      <trkpt lat="57.0191881" lon="9.960822">
        <ele>38.6</ele>
        <time>2026-08-06T04:54:21.000Z</time>
      </trkpt>
      <trkpt lat="57.0192047" lon="9.9608382">
        <ele>38.8</ele>
        <time>2026-08-06T04:54:22.000Z</time>
      </trkpt>
      <trkpt lat="57.0192208" lon="9.9608749">
        <ele>38.8</ele>
        <time>2026-08-06T04:54:23.000Z</time>
      </trkpt>
      <trkpt lat="57.0192364" lon="9.9609122">
        <ele>38.8</ele>
        <time>2026-08-06T04:54:24.000Z</time>
      </trkpt>
      <trkpt lat="57.0192526" lon="9.9609371">
        <ele>38.8</ele>
        <time>2026-08-06T04:54:25.000Z</time>
      </trkpt>
      <trkpt lat="57.0192684" lon="9.9609728">
        <ele>38.8</ele>
        <time>2026-08-06T04:54:26.000Z</time>
      </trkpt>
      <trkpt lat="57.0192814" lon="9.9609965">
        <ele>38.6</ele>
        <time>2026-08-06T04:54:27.000Z</time>
      </trkpt>
      <trkpt lat="57.0193005" lon="9.9610225">
        <ele>38.6</ele>
        <time>2026-08-06T04:54:28.000Z</time>
      </trkpt>
      <trkpt lat="57.0193175" lon="9.9610507">
        <ele>38.6</ele>
        <time>2026-08-06T04:54:29.000Z</time>
      </trkpt>
      <trkpt lat="57.0193342" lon="9.9610743">
        <ele>38.6</ele>
        <time>2026-08-06T04:54:30.000Z</time>
      </trkpt>
      <trkpt lat="57.0193513" lon="9.9611113">
        <ele>38.6</ele>
        <time>2026-08-06T04:54:31.000Z</time>
      </trkpt>
      <trkpt lat="57.0193683" lon="9.9611437">
        <ele>38.6</ele>
        <time>2026-08-06T04:54:32.000Z</time>
      </trkpt>
      <trkpt lat="57.0193865" lon="9.9611784">
        <ele>38.6</ele>
        <time>2026-08-06T04:54:33.000Z</time>
      </trkpt>
      <trkpt lat="57.0194027" lon="9.9612148">
        <ele>38.6</ele>
        <time>2026-08-06T04:54:34.000Z</time>
      </trkpt>
      <trkpt lat="57.0194182" lon="9.9612453">
        <ele>38.6</ele>
        <time>2026-08-06T04:54:35.000Z</time>
      </trkpt>
      <trkpt lat="57.0194356" lon="9.9612872">
        <ele>38.6</ele>
        <time>2026-08-06T04:54:36.000Z</time>
      </trkpt>
      <trkpt lat="57.0194496" lon="9.961318">
        <ele>38.6</ele>
        <time>2026-08-06T04:54:37.000Z</time>
      </trkpt>
      <trkpt lat="57.0194642" lon="9.961348">
        <ele>38.6</ele>
        <time>2026-08-06T04:54:38.000Z</time>
      </trkpt>
      <trkpt lat="57.019473" lon="9.9613908">
        <ele>38.4</ele>
        <time>2026-08-06T04:54:39.000Z</time>
      </trkpt>
      <trkpt lat="57.019485" lon="9.9614208">
        <ele>38.4</ele>
        <time>2026-08-06T04:54:40.000Z</time>
      </trkpt>
      <trkpt lat="57.0195004" lon="9.9614623">
        <ele>38.4</ele>
        <time>2026-08-06T04:54:41.000Z</time>
      </trkpt>
      <trkpt lat="57.0195113" lon="9.9615007">
        <ele>38.4</ele>
        <time>2026-08-06T04:54:42.000Z</time>
      </trkpt>
      <trkpt lat="57.0195226" lon="9.9615374">
        <ele>38.4</ele>
        <time>2026-08-06T04:54:43.000Z</time>
      </trkpt>
      <trkpt lat="57.0195316" lon="9.9615849">
        <ele>38.4</ele>
        <time>2026-08-06T04:54:44.000Z</time>
      </trkpt>
      <trkpt lat="57.0195433" lon="9.9616177">
        <ele>38.4</ele>
        <time>2026-08-06T04:54:45.000Z</time>
      </trkpt>
      <trkpt lat="57.0195528" lon="9.9616678">
        <ele>38.4</ele>
        <time>2026-08-06T04:54:46.000Z</time>
      </trkpt>
      <trkpt lat="57.0195571" lon="9.9617132">
        <ele>38.2</ele>
        <time>2026-08-06T04:54:47.000Z</time>
      </trkpt>
      <trkpt lat="57.0195634" lon="9.9617535">
        <ele>38.2</ele>
        <time>2026-08-06T04:54:48.000Z</time>
      </trkpt>
      <trkpt lat="57.0195671" lon="9.9618044">
        <ele>38.2</ele>
        <time>2026-08-06T04:54:49.000Z</time>
      </trkpt>
      <trkpt lat="57.0195718" lon="9.9618411">
        <ele>38</ele>
        <time>2026-08-06T04:54:50.000Z</time>
      </trkpt>
      <trkpt lat="57.0195696" lon="9.9618943">
        <ele>37.8</ele>
        <time>2026-08-06T04:54:51.000Z</time>
      </trkpt>
      <trkpt lat="57.0195681" lon="9.9619397">
        <ele>37.8</ele>
        <time>2026-08-06T04:54:52.000Z</time>
      </trkpt>
      <trkpt lat="57.0195697" lon="9.9619791">
        <ele>37.8</ele>
        <time>2026-08-06T04:54:53.000Z</time>
      </trkpt>
      <trkpt lat="57.0195679" lon="9.962033">
        <ele>37.6</ele>
        <time>2026-08-06T04:54:54.000Z</time>
      </trkpt>
      <trkpt lat="57.0195662" lon="9.9620787">
        <ele>37.6</ele>
        <time>2026-08-06T04:54:55.000Z</time>
      </trkpt>
      <trkpt lat="57.0195666" lon="9.9621264">
        <ele>37.6</ele>
        <time>2026-08-06T04:54:56.000Z</time>
      </trkpt>
      <trkpt lat="57.0195631" lon="9.962174">
        <ele>37.6</ele>
        <time>2026-08-06T04:54:57.000Z</time>
      </trkpt>
      <trkpt lat="57.0195648" lon="9.9622149">
        <ele>37.8</ele>
        <time>2026-08-06T04:54:58.000Z</time>
      </trkpt>
      <trkpt lat="57.0195629" lon="9.9622687">
        <ele>37.6</ele>
        <time>2026-08-06T04:54:59.000Z</time>
      </trkpt>
      <trkpt lat="57.019563" lon="9.9623127">
        <ele>37.6</ele>
        <time>2026-08-06T04:55:00.000Z</time>
      </trkpt>
      <trkpt lat="57.0195639" lon="9.9623569">
        <ele>37.6</ele>
        <time>2026-08-06T04:55:01.000Z</time>
      </trkpt>
      <trkpt lat="57.0195607" lon="9.9624049">
        <ele>37.4</ele>
        <time>2026-08-06T04:55:02.000Z</time>
      </trkpt>
      <trkpt lat="57.0195634" lon="9.9624367">
        <ele>37.4</ele>
        <time>2026-08-06T04:55:03.000Z</time>
      </trkpt>
      <trkpt lat="57.0195619" lon="9.9624884">
        <ele>37.4</ele>
        <time>2026-08-06T04:55:04.000Z</time>
      </trkpt>
      <trkpt lat="57.0195626" lon="9.9625288">
        <ele>37.2</ele>
        <time>2026-08-06T04:55:05.000Z</time>
      </trkpt>
      <trkpt lat="57.0195624" lon="9.9625776">
        <ele>37</ele>
        <time>2026-08-06T04:55:06.000Z</time>
      </trkpt>
      <trkpt lat="57.0195569" lon="9.9626247">
        <ele>37</ele>
        <time>2026-08-06T04:55:07.000Z</time>
      </trkpt>
      <trkpt lat="57.0195565" lon="9.9626644">
        <ele>36.8</ele>
        <time>2026-08-06T04:55:08.000Z</time>
      </trkpt>
      <trkpt lat="57.0195518" lon="9.9627206">
        <ele>36.8</ele>
        <time>2026-08-06T04:55:09.000Z</time>
      </trkpt>
      <trkpt lat="57.0195486" lon="9.9627665">
        <ele>36.6</ele>
        <time>2026-08-06T04:55:10.000Z</time>
      </trkpt>
      <trkpt lat="57.019547" lon="9.9628089">
        <ele>36.6</ele>
        <time>2026-08-06T04:55:11.000Z</time>
      </trkpt>
      <trkpt lat="57.019545" lon="9.9628586">
        <ele>36.4</ele>
        <time>2026-08-06T04:55:12.000Z</time>
      </trkpt>
      <trkpt lat="57.0195443" lon="9.9628988">
        <ele>36.4</ele>
        <time>2026-08-06T04:55:13.000Z</time>
      </trkpt>
      <trkpt lat="57.0195456" lon="9.9629543">
        <ele>36.2</ele>
        <time>2026-08-06T04:55:14.000Z</time>
      </trkpt>
      <trkpt lat="57.0195453" lon="9.9630013">
        <ele>36</ele>
        <time>2026-08-06T04:55:15.000Z</time>
      </trkpt>
      <trkpt lat="57.0195449" lon="9.963051">
        <ele>35.8</ele>
        <time>2026-08-06T04:55:16.000Z</time>
      </trkpt>
      <trkpt lat="57.0195386" lon="9.9631078">
        <ele>35.6</ele>
        <time>2026-08-06T04:55:17.000Z</time>
      </trkpt>
      <trkpt lat="57.01954" lon="9.9631519">
        <ele>35.6</ele>
        <time>2026-08-06T04:55:18.000Z</time>
      </trkpt>
      <trkpt lat="57.0195401" lon="9.9632088">
        <ele>35.4</ele>
        <time>2026-08-06T04:55:19.000Z</time>
      </trkpt>
      <trkpt lat="57.0195388" lon="9.9632522">
        <ele>35.4</ele>
        <time>2026-08-06T04:55:20.000Z</time>
      </trkpt>
      <trkpt lat="57.01953" lon="9.9632994">
        <ele>35.4</ele>
        <time>2026-08-06T04:55:21.000Z</time>
      </trkpt>
      <trkpt lat="57.0195112" lon="9.9633419">
        <ele>35.4</ele>
        <time>2026-08-06T04:55:22.000Z</time>
      </trkpt>
      <trkpt lat="57.0194974" lon="9.9633756">
        <ele>35.2</ele>
        <time>2026-08-06T04:55:23.000Z</time>
      </trkpt>
      <trkpt lat="57.019473" lon="9.9634132">
        <ele>35.2</ele>
        <time>2026-08-06T04:55:24.000Z</time>
      </trkpt>
      <trkpt lat="57.0194506" lon="9.9634395">
        <ele>35.2</ele>
        <time>2026-08-06T04:55:25.000Z</time>
      </trkpt>
      <trkpt lat="57.0194342" lon="9.9634777">
        <ele>35</ele>
        <time>2026-08-06T04:55:26.000Z</time>
      </trkpt>
      <trkpt lat="57.0194079" lon="9.9635126">
        <ele>35</ele>
        <time>2026-08-06T04:55:27.000Z</time>
      </trkpt>
      <trkpt lat="57.0193888" lon="9.9635463">
        <ele>34.8</ele>
        <time>2026-08-06T04:55:28.000Z</time>
      </trkpt>
      <trkpt lat="57.0193668" lon="9.9635799">
        <ele>34.8</ele>
        <time>2026-08-06T04:55:29.000Z</time>
      </trkpt>
      <trkpt lat="57.0193432" lon="9.9636149">
        <ele>34.8</ele>
        <time>2026-08-06T04:55:30.000Z</time>
      </trkpt>
      <trkpt lat="57.0193243" lon="9.9636529">
        <ele>34.6</ele>
        <time>2026-08-06T04:55:31.000Z</time>
      </trkpt>
      <trkpt lat="57.019302" lon="9.9636911">
        <ele>34.4</ele>
        <time>2026-08-06T04:55:32.000Z</time>
      </trkpt>
      <trkpt lat="57.019288" lon="9.9637243">
        <ele>34.4</ele>
        <time>2026-08-06T04:55:33.000Z</time>
      </trkpt>
      <trkpt lat="57.0192708" lon="9.9637593">
        <ele>34.4</ele>
        <time>2026-08-06T04:55:34.000Z</time>
      </trkpt>
      <trkpt lat="57.0192471" lon="9.9637933">
        <ele>34.4</ele>
        <time>2026-08-06T04:55:35.000Z</time>
      </trkpt>
      <trkpt lat="57.0192328" lon="9.9638193">
        <ele>34.4</ele>
        <time>2026-08-06T04:55:36.000Z</time>
      </trkpt>
      <trkpt lat="57.0192146" lon="9.9638483">
        <ele>34.4</ele>
        <time>2026-08-06T04:55:37.000Z</time>
      </trkpt>
      <trkpt lat="57.0191986" lon="9.9638805">
        <ele>34.4</ele>
        <time>2026-08-06T04:55:38.000Z</time>
      </trkpt>
      <trkpt lat="57.019186" lon="9.9639111">
        <ele>34.4</ele>
        <time>2026-08-06T04:55:39.000Z</time>
      </trkpt>
      <trkpt lat="57.0191638" lon="9.9639446">
        <ele>34.4</ele>
        <time>2026-08-06T04:55:40.000Z</time>
      </trkpt>
      <trkpt lat="57.0191497" lon="9.9639747">
        <ele>34.4</ele>
        <time>2026-08-06T04:55:41.000Z</time>
      </trkpt>
      <trkpt lat="57.0191296" lon="9.9640088">
        <ele>34.4</ele>
        <time>2026-08-06T04:55:42.000Z</time>
      </trkpt>
      <trkpt lat="57.019106" lon="9.9640379">
        <ele>34.4</ele>
        <time>2026-08-06T04:55:43.000Z</time>
      </trkpt>
      <trkpt lat="57.019091" lon="9.9640736">
        <ele>34.4</ele>
        <time>2026-08-06T04:55:44.000Z</time>
      </trkpt>
      <trkpt lat="57.0190717" lon="9.9641013">
        <ele>34.2</ele>
        <time>2026-08-06T04:55:45.000Z</time>
      </trkpt>
      <trkpt lat="57.0190567" lon="9.9641342">
        <ele>34.2</ele>
        <time>2026-08-06T04:55:46.000Z</time>
      </trkpt>
      <trkpt lat="57.0190429" lon="9.9641726">
        <ele>34</ele>
        <time>2026-08-06T04:55:47.000Z</time>
      </trkpt>
      <trkpt lat="57.0190249" lon="9.9641961">
        <ele>33.8</ele>
        <time>2026-08-06T04:55:48.000Z</time>
      </trkpt>
      <trkpt lat="57.0190099" lon="9.9642286">
        <ele>33.8</ele>
        <time>2026-08-06T04:55:49.000Z</time>
      </trkpt>
      <trkpt lat="57.0189952" lon="9.9642722">
        <ele>33.8</ele>
        <time>2026-08-06T04:55:50.000Z</time>
      </trkpt>
      <trkpt lat="57.0189817" lon="9.96431">
        <ele>33.8</ele>
        <time>2026-08-06T04:55:51.000Z</time>
      </trkpt>
      <trkpt lat="57.0189715" lon="9.9643528">
        <ele>33.8</ele>
        <time>2026-08-06T04:55:52.000Z</time>
      </trkpt>
      <trkpt lat="57.0189558" lon="9.9643933">
        <ele>33.8</ele>
        <time>2026-08-06T04:55:53.000Z</time>
      </trkpt>
      <trkpt lat="57.0189468" lon="9.9644295">
        <ele>33.6</ele>
        <time>2026-08-06T04:55:54.000Z</time>
      </trkpt>
      <trkpt lat="57.0189317" lon="9.9644725">
        <ele>33.6</ele>
        <time>2026-08-06T04:55:55.000Z</time>
      </trkpt>
      <trkpt lat="57.0189183" lon="9.9645095">
        <ele>33.6</ele>
        <time>2026-08-06T04:55:56.000Z</time>
      </trkpt>
      <trkpt lat="57.0189108" lon="9.9645481">
        <ele>33.6</ele>
        <time>2026-08-06T04:55:57.000Z</time>
      </trkpt>
      <trkpt lat="57.0188998" lon="9.9645989">
        <ele>33.6</ele>
        <time>2026-08-06T04:55:58.000Z</time>
      </trkpt>
      <trkpt lat="57.0189011" lon="9.9646369">
        <ele>33.6</ele>
        <time>2026-08-06T04:55:59.000Z</time>
      </trkpt>
      <trkpt lat="57.018899" lon="9.9646864">
        <ele>33.8</ele>
        <time>2026-08-06T04:56:00.000Z</time>
      </trkpt>
      <trkpt lat="57.0188962" lon="9.9647279">
        <ele>33.8</ele>
        <time>2026-08-06T04:56:01.000Z</time>
      </trkpt>
      <trkpt lat="57.0188996" lon="9.9647654">
        <ele>33.8</ele>
        <time>2026-08-06T04:56:02.000Z</time>
      </trkpt>
      <trkpt lat="57.0188932" lon="9.9648118">
        <ele>33.8</ele>
        <time>2026-08-06T04:56:03.000Z</time>
      </trkpt>
      <trkpt lat="57.01889" lon="9.9648498">
        <ele>33.8</ele>
        <time>2026-08-06T04:56:04.000Z</time>
      </trkpt>
      <trkpt lat="57.018891" lon="9.9648999">
        <ele>33.8</ele>
        <time>2026-08-06T04:56:05.000Z</time>
      </trkpt>
      <trkpt lat="57.0188877" lon="9.9649486">
        <ele>33.8</ele>
        <time>2026-08-06T04:56:06.000Z</time>
      </trkpt>
      <trkpt lat="57.0188914" lon="9.9649848">
        <ele>33.8</ele>
        <time>2026-08-06T04:56:07.000Z</time>
      </trkpt>
      <trkpt lat="57.0188867" lon="9.9650328">
        <ele>33.6</ele>
        <time>2026-08-06T04:56:08.000Z</time>
      </trkpt>
      <trkpt lat="57.0188895" lon="9.9650699">
        <ele>33.6</ele>
        <time>2026-08-06T04:56:09.000Z</time>
      </trkpt>
      <trkpt lat="57.0188849" lon="9.9651271">
        <ele>33.4</ele>
        <time>2026-08-06T04:56:10.000Z</time>
      </trkpt>
      <trkpt lat="57.0188821" lon="9.9651685">
        <ele>33.4</ele>
        <time>2026-08-06T04:56:11.000Z</time>
      </trkpt>
      <trkpt lat="57.0188803" lon="9.9652219">
        <ele>33.4</ele>
        <time>2026-08-06T04:56:12.000Z</time>
      </trkpt>
      <trkpt lat="57.0188751" lon="9.9652658">
        <ele>33.4</ele>
        <time>2026-08-06T04:56:13.000Z</time>
      </trkpt>
      <trkpt lat="57.0188742" lon="9.9653065">
        <ele>33.4</ele>
        <time>2026-08-06T04:56:14.000Z</time>
      </trkpt>
      <trkpt lat="57.0188666" lon="9.9653499">
        <ele>33.2</ele>
        <time>2026-08-06T04:56:15.000Z</time>
      </trkpt>
      <trkpt lat="57.0188553" lon="9.96539">
        <ele>33.2</ele>
        <time>2026-08-06T04:56:16.000Z</time>
      </trkpt>
      <trkpt lat="57.0188482" lon="9.9654298">
        <ele>33.2</ele>
        <time>2026-08-06T04:56:17.000Z</time>
      </trkpt>
      <trkpt lat="57.0188328" lon="9.9654655">
        <ele>33</ele>
        <time>2026-08-06T04:56:18.000Z</time>
      </trkpt>
      <trkpt lat="57.0188249" lon="9.9655029">
        <ele>33</ele>
        <time>2026-08-06T04:56:19.000Z</time>
      </trkpt>
      <trkpt lat="57.0188105" lon="9.9655468">
        <ele>32.8</ele>
        <time>2026-08-06T04:56:20.000Z</time>
      </trkpt>
      <trkpt lat="57.0187907" lon="9.9655812">
        <ele>32.6</ele>
        <time>2026-08-06T04:56:21.000Z</time>
      </trkpt>
      <trkpt lat="57.0187824" lon="9.9656098">
        <ele>32.4</ele>
        <time>2026-08-06T04:56:22.000Z</time>
      </trkpt>
      <trkpt lat="57.0187598" lon="9.9656524">
        <ele>32.4</ele>
        <time>2026-08-06T04:56:23.000Z</time>
      </trkpt>
      <trkpt lat="57.0187522" lon="9.9656898">
        <ele>32.2</ele>
        <time>2026-08-06T04:56:24.000Z</time>
      </trkpt>
      <trkpt lat="57.0187337" lon="9.9657263">
        <ele>32</ele>
        <time>2026-08-06T04:56:25.000Z</time>
      </trkpt>
      <trkpt lat="57.0187113" lon="9.9657679">
        <ele>31.8</ele>
        <time>2026-08-06T04:56:26.000Z</time>
      </trkpt>
      <trkpt lat="57.0187071" lon="9.9658089">
        <ele>31.6</ele>
        <time>2026-08-06T04:56:27.000Z</time>
      </trkpt>
      <trkpt lat="57.0187098" lon="9.965865">
        <ele>31.4</ele>
        <time>2026-08-06T04:56:28.000Z</time>
      </trkpt>
      <trkpt lat="57.0187188" lon="9.9659063">
        <ele>31.2</ele>
        <time>2026-08-06T04:56:29.000Z</time>
      </trkpt>
      <trkpt lat="57.0187317" lon="9.9659484">
        <ele>31.2</ele>
        <time>2026-08-06T04:56:30.000Z</time>
      </trkpt>
      <trkpt lat="57.0187456" lon="9.9659891">
        <ele>31</ele>
        <time>2026-08-06T04:56:31.000Z</time>
      </trkpt>
      <trkpt lat="57.0187585" lon="9.9660201">
        <ele>31</ele>
        <time>2026-08-06T04:56:32.000Z</time>
      </trkpt>
      <trkpt lat="57.0187729" lon="9.9660625">
        <ele>31</ele>
        <time>2026-08-06T04:56:33.000Z</time>
      </trkpt>
      <trkpt lat="57.0187887" lon="9.9660865">
        <ele>31</ele>
        <time>2026-08-06T04:56:34.000Z</time>
      </trkpt>
      <trkpt lat="57.0188076" lon="9.9661207">
        <ele>30.8</ele>
        <time>2026-08-06T04:56:35.000Z</time>
      </trkpt>
      <trkpt lat="57.0188229" lon="9.9661534">
        <ele>30.8</ele>
        <time>2026-08-06T04:56:36.000Z</time>
      </trkpt>
      <trkpt lat="57.0188392" lon="9.9661769">
        <ele>30.8</ele>
        <time>2026-08-06T04:56:37.000Z</time>
      </trkpt>
      <trkpt lat="57.0188612" lon="9.9662094">
        <ele>30.8</ele>
        <time>2026-08-06T04:56:38.000Z</time>
      </trkpt>
      <trkpt lat="57.0188799" lon="9.966236">
        <ele>30.8</ele>
        <time>2026-08-06T04:56:39.000Z</time>
      </trkpt>
      <trkpt lat="57.0188999" lon="9.9662576">
        <ele>30.6</ele>
        <time>2026-08-06T04:56:40.000Z</time>
      </trkpt>
      <trkpt lat="57.0189163" lon="9.9662971">
        <ele>30.6</ele>
        <time>2026-08-06T04:56:41.000Z</time>
      </trkpt>
      <trkpt lat="57.0189374" lon="9.9663225">
        <ele>30.6</ele>
        <time>2026-08-06T04:56:42.000Z</time>
      </trkpt>
      <trkpt lat="57.0189572" lon="9.9663537">
        <ele>30.4</ele>
        <time>2026-08-06T04:56:43.000Z</time>
      </trkpt>
      <trkpt lat="57.0189753" lon="9.9663866">
        <ele>30.4</ele>
        <time>2026-08-06T04:56:44.000Z</time>
      </trkpt>
      <trkpt lat="57.018995" lon="9.9664063">
        <ele>30.2</ele>
        <time>2026-08-06T04:56:45.000Z</time>
      </trkpt>
      <trkpt lat="57.0190143" lon="9.9664398">
        <ele>30.2</ele>
        <time>2026-08-06T04:56:46.000Z</time>
      </trkpt>
      <trkpt lat="57.0190288" lon="9.9664738">
        <ele>30</ele>
        <time>2026-08-06T04:56:47.000Z</time>
      </trkpt>
      <trkpt lat="57.0190489" lon="9.9664993">
        <ele>29.8</ele>
        <time>2026-08-06T04:56:48.000Z</time>
      </trkpt>
      <trkpt lat="57.0190645" lon="9.9665359">
        <ele>29.8</ele>
        <time>2026-08-06T04:56:49.000Z</time>
      </trkpt>
      <trkpt lat="57.0190826" lon="9.9665587">
        <ele>29.6</ele>
        <time>2026-08-06T04:56:50.000Z</time>
      </trkpt>
      <trkpt lat="57.0191" lon="9.9666022">
        <ele>29.4</ele>
        <time>2026-08-06T04:56:51.000Z</time>
      </trkpt>
      <trkpt lat="57.0191139" lon="9.9666373">
        <ele>29.2</ele>
        <time>2026-08-06T04:56:52.000Z</time>
      </trkpt>
      <trkpt lat="57.0191289" lon="9.9666672">
        <ele>29</ele>
        <time>2026-08-06T04:56:53.000Z</time>
      </trkpt>
      <trkpt lat="57.0191375" lon="9.966717">
        <ele>28.8</ele>
        <time>2026-08-06T04:56:54.000Z</time>
      </trkpt>
      <trkpt lat="57.0191483" lon="9.966749">
        <ele>28.4</ele>
        <time>2026-08-06T04:56:55.000Z</time>
      </trkpt>
      <trkpt lat="57.0191628" lon="9.9668004">
        <ele>28.2</ele>
        <time>2026-08-06T04:56:56.000Z</time>
      </trkpt>
      <trkpt lat="57.0191772" lon="9.966836">
        <ele>28</ele>
        <time>2026-08-06T04:56:57.000Z</time>
      </trkpt>
      <trkpt lat="57.0191894" lon="9.9668839">
        <ele>27.8</ele>
        <time>2026-08-06T04:56:58.000Z</time>
      </trkpt>
      <trkpt lat="57.0191976" lon="9.9669322">
        <ele>27.4</ele>
        <time>2026-08-06T04:56:59.000Z</time>
      </trkpt>
      <trkpt lat="57.0192077" lon="9.966978">
        <ele>27.2</ele>
        <time>2026-08-06T04:57:00.000Z</time>
      </trkpt>
      <trkpt lat="57.0192102" lon="9.9670299">
        <ele>26.8</ele>
        <time>2026-08-06T04:57:01.000Z</time>
      </trkpt>
      <trkpt lat="57.0192153" lon="9.967069">
        <ele>26.6</ele>
        <time>2026-08-06T04:57:02.000Z</time>
      </trkpt>
      <trkpt lat="57.0192172" lon="9.9671217">
        <ele>26.4</ele>
        <time>2026-08-06T04:57:03.000Z</time>
      </trkpt>
      <trkpt lat="57.0192229" lon="9.9671585">
        <ele>26.2</ele>
        <time>2026-08-06T04:57:04.000Z</time>
      </trkpt>
      <trkpt lat="57.0192249" lon="9.9672143">
        <ele>26.2</ele>
        <time>2026-08-06T04:57:05.000Z</time>
      </trkpt>
      <trkpt lat="57.0192297" lon="9.9672605">
        <ele>26</ele>
        <time>2026-08-06T04:57:06.000Z</time>
      </trkpt>
      <trkpt lat="57.0192321" lon="9.9673063">
        <ele>25.8</ele>
        <time>2026-08-06T04:57:07.000Z</time>
      </trkpt>
      <trkpt lat="57.0192295" lon="9.9673539">
        <ele>25.6</ele>
        <time>2026-08-06T04:57:08.000Z</time>
      </trkpt>
      <trkpt lat="57.0192306" lon="9.967391">
        <ele>25.6</ele>
        <time>2026-08-06T04:57:09.000Z</time>
      </trkpt>
      <trkpt lat="57.0192277" lon="9.9674433">
        <ele>25.2</ele>
        <time>2026-08-06T04:57:10.000Z</time>
      </trkpt>
      <trkpt lat="57.0192288" lon="9.9674889">
        <ele>25</ele>
        <time>2026-08-06T04:57:11.000Z</time>
      </trkpt>
      <trkpt lat="57.0192291" lon="9.967541">
        <ele>24.8</ele>
        <time>2026-08-06T04:57:12.000Z</time>
      </trkpt>
      <trkpt lat="57.0192275" lon="9.9675899">
        <ele>24.6</ele>
        <time>2026-08-06T04:57:13.000Z</time>
      </trkpt>
      <trkpt lat="57.019229" lon="9.9676396">
        <ele>24.4</ele>
        <time>2026-08-06T04:57:14.000Z</time>
      </trkpt>
      <trkpt lat="57.0192246" lon="9.9676918">
        <ele>24.2</ele>
        <time>2026-08-06T04:57:15.000Z</time>
      </trkpt>
      <trkpt lat="57.0192247" lon="9.9677394">
        <ele>24</ele>
        <time>2026-08-06T04:57:16.000Z</time>
      </trkpt>
      <trkpt lat="57.0192195" lon="9.9677975">
        <ele>23.8</ele>
        <time>2026-08-06T04:57:17.000Z</time>
      </trkpt>
      <trkpt lat="57.0192202" lon="9.9678397">
        <ele>23.4</ele>
        <time>2026-08-06T04:57:18.000Z</time>
      </trkpt>
      <trkpt lat="57.0192206" lon="9.9678978">
        <ele>23.2</ele>
        <time>2026-08-06T04:57:19.000Z</time>
      </trkpt>
      <trkpt lat="57.0192253" lon="9.9679487">
        <ele>23</ele>
        <time>2026-08-06T04:57:20.000Z</time>
      </trkpt>
      <trkpt lat="57.0192347" lon="9.9680015">
        <ele>22.8</ele>
        <time>2026-08-06T04:57:21.000Z</time>
      </trkpt>
      <trkpt lat="57.0192319" lon="9.9680595">
        <ele>22.6</ele>
        <time>2026-08-06T04:57:22.000Z</time>
      </trkpt>
      <trkpt lat="57.0192321" lon="9.9681051">
        <ele>22.6</ele>
        <time>2026-08-06T04:57:23.000Z</time>
      </trkpt>
      <trkpt lat="57.0192302" lon="9.9681555">
        <ele>22.6</ele>
        <time>2026-08-06T04:57:24.000Z</time>
      </trkpt>
      <trkpt lat="57.0192273" lon="9.9681983">
        <ele>22.6</ele>
        <time>2026-08-06T04:57:25.000Z</time>
      </trkpt>
      <trkpt lat="57.0192237" lon="9.9682281">
        <ele>22.6</ele>
        <time>2026-08-06T04:57:26.000Z</time>
      </trkpt>
      <trkpt lat="57.0192228" lon="9.96825">
        <ele>22.6</ele>
        <time>2026-08-06T04:57:27.000Z</time>
      </trkpt>
      <trkpt lat="57.0192211" lon="9.9682945">
        <ele>22.4</ele>
        <time>2026-08-06T04:57:28.000Z</time>
      </trkpt>
      <trkpt lat="57.0192193" lon="9.9683288">
        <ele>22.4</ele>
        <time>2026-08-06T04:57:29.000Z</time>
      </trkpt>
      <trkpt lat="57.0192179" lon="9.9683655">
        <ele>22.4</ele>
        <time>2026-08-06T04:57:30.000Z</time>
      </trkpt>
      <trkpt lat="57.0192166" lon="9.9684018">
        <ele>22.2</ele>
        <time>2026-08-06T04:57:31.000Z</time>
      </trkpt>
      <trkpt lat="57.0192164" lon="9.9684338">
        <ele>22.2</ele>
        <time>2026-08-06T04:57:32.000Z</time>
      </trkpt>
      <trkpt lat="57.0192214" lon="9.9684825">
        <ele>22.2</ele>
        <time>2026-08-06T04:57:33.000Z</time>
      </trkpt>
      <trkpt lat="57.0192338" lon="9.9684956">
        <ele>22.2</ele>
        <time>2026-08-06T04:57:34.000Z</time>
      </trkpt>
      <trkpt lat="57.0192264" lon="9.9685303">
        <ele>22.2</ele>
        <time>2026-08-06T04:57:35.000Z</time>
      </trkpt>
      <trkpt lat="57.0192295" lon="9.968582">
        <ele>22.2</ele>
        <time>2026-08-06T04:57:36.000Z</time>
      </trkpt>
      <trkpt lat="57.0192287" lon="9.9686333">
        <ele>22.2</ele>
        <time>2026-08-06T04:57:37.000Z</time>
      </trkpt>
      <trkpt lat="57.019227" lon="9.9687457">
        <ele>22.2</ele>
        <time>2026-08-06T04:57:38.000Z</time>
      </trkpt>
      <trkpt lat="57.0192251" lon="9.9688207">
        <ele>22.2</ele>
        <time>2026-08-06T04:57:39.000Z</time>
      </trkpt>
      <trkpt lat="57.0192228" lon="9.968871">
        <ele>22.2</ele>
        <time>2026-08-06T04:57:40.000Z</time>
      </trkpt>
      <trkpt lat="57.0192231" lon="9.9689135">
        <ele>22.2</ele>
        <time>2026-08-06T04:57:41.000Z</time>
      </trkpt>
      <trkpt lat="57.0192194" lon="9.9689614">
        <ele>22.2</ele>
        <time>2026-08-06T04:57:42.000Z</time>
      </trkpt>
      <trkpt lat="57.0192162" lon="9.9689986">
        <ele>22.2</ele>
        <time>2026-08-06T04:57:43.000Z</time>
      </trkpt>
      <trkpt lat="57.0192038" lon="9.9690428">
        <ele>22.2</ele>
        <time>2026-08-06T04:57:44.000Z</time>
      </trkpt>
      <trkpt lat="57.0191857" lon="9.9690767">
        <ele>22.4</ele>
        <time>2026-08-06T04:57:45.000Z</time>
      </trkpt>
      <trkpt lat="57.0191668" lon="9.9691114">
        <ele>22.4</ele>
        <time>2026-08-06T04:57:46.000Z</time>
      </trkpt>
      <trkpt lat="57.0191449" lon="9.9691438">
        <ele>22.4</ele>
        <time>2026-08-06T04:57:47.000Z</time>
      </trkpt>
      <trkpt lat="57.0191271" lon="9.9691648">
        <ele>22.4</ele>
        <time>2026-08-06T04:57:48.000Z</time>
      </trkpt>
      <trkpt lat="57.0191073" lon="9.9691984">
        <ele>22.4</ele>
        <time>2026-08-06T04:57:49.000Z</time>
      </trkpt>
      <trkpt lat="57.0190902" lon="9.9692215">
        <ele>22.4</ele>
        <time>2026-08-06T04:57:50.000Z</time>
      </trkpt>
      <trkpt lat="57.0190742" lon="9.969252">
        <ele>22.4</ele>
        <time>2026-08-06T04:57:51.000Z</time>
      </trkpt>
      <trkpt lat="57.0190528" lon="9.9692826">
        <ele>22.4</ele>
        <time>2026-08-06T04:57:52.000Z</time>
      </trkpt>
      <trkpt lat="57.0190374" lon="9.9693073">
        <ele>22.2</ele>
        <time>2026-08-06T04:57:53.000Z</time>
      </trkpt>
      <trkpt lat="57.0190178" lon="9.969349">
        <ele>22.4</ele>
        <time>2026-08-06T04:57:54.000Z</time>
      </trkpt>
      <trkpt lat="57.0190036" lon="9.9693848">
        <ele>22.4</ele>
        <time>2026-08-06T04:57:55.000Z</time>
      </trkpt>
      <trkpt lat="57.0189931" lon="9.9694241">
        <ele>22.2</ele>
        <time>2026-08-06T04:57:56.000Z</time>
      </trkpt>
      <trkpt lat="57.0189762" lon="9.9694708">
        <ele>22.2</ele>
        <time>2026-08-06T04:57:57.000Z</time>
      </trkpt>
      <trkpt lat="57.0189643" lon="9.9695044">
        <ele>22</ele>
        <time>2026-08-06T04:57:58.000Z</time>
      </trkpt>
      <trkpt lat="57.0189519" lon="9.969547">
        <ele>22</ele>
        <time>2026-08-06T04:57:59.000Z</time>
      </trkpt>
      <trkpt lat="57.0189395" lon="9.9695843">
        <ele>22</ele>
        <time>2026-08-06T04:58:00.000Z</time>
      </trkpt>
      <trkpt lat="57.0189351" lon="9.9696251">
        <ele>22</ele>
        <time>2026-08-06T04:58:01.000Z</time>
      </trkpt>
      <trkpt lat="57.0189249" lon="9.9696723">
        <ele>22</ele>
        <time>2026-08-06T04:58:02.000Z</time>
      </trkpt>
      <trkpt lat="57.0189212" lon="9.9697037">
        <ele>22</ele>
        <time>2026-08-06T04:58:03.000Z</time>
      </trkpt>
      <trkpt lat="57.0189179" lon="9.9697496">
        <ele>21.8</ele>
        <time>2026-08-06T04:58:04.000Z</time>
      </trkpt>
      <trkpt lat="57.0189139" lon="9.9697969">
        <ele>21.8</ele>
        <time>2026-08-06T04:58:05.000Z</time>
      </trkpt>
      <trkpt lat="57.0189176" lon="9.969832">
        <ele>21.8</ele>
        <time>2026-08-06T04:58:06.000Z</time>
      </trkpt>
      <trkpt lat="57.0189138" lon="9.9698851">
        <ele>21.6</ele>
        <time>2026-08-06T04:58:07.000Z</time>
      </trkpt>
      <trkpt lat="57.0189115" lon="9.9699302">
        <ele>21.6</ele>
        <time>2026-08-06T04:58:08.000Z</time>
      </trkpt>
      <trkpt lat="57.0189092" lon="9.9699755">
        <ele>21.6</ele>
        <time>2026-08-06T04:58:09.000Z</time>
      </trkpt>
      <trkpt lat="57.0189055" lon="9.9700203">
        <ele>21.4</ele>
        <time>2026-08-06T04:58:10.000Z</time>
      </trkpt>
      <trkpt lat="57.0189101" lon="9.9700553">
        <ele>21.4</ele>
        <time>2026-08-06T04:58:11.000Z</time>
      </trkpt>
      <trkpt lat="57.0189083" lon="9.9701042">
        <ele>21.4</ele>
        <time>2026-08-06T04:58:12.000Z</time>
      </trkpt>
      <trkpt lat="57.0189067" lon="9.9701424">
        <ele>21.4</ele>
        <time>2026-08-06T04:58:13.000Z</time>
      </trkpt>
      <trkpt lat="57.0189068" lon="9.9701872">
        <ele>21.4</ele>
        <time>2026-08-06T04:58:14.000Z</time>
      </trkpt>
      <trkpt lat="57.0189029" lon="9.97024">
        <ele>21.4</ele>
        <time>2026-08-06T04:58:15.000Z</time>
      </trkpt>
      <trkpt lat="57.0189032" lon="9.9702729">
        <ele>21.2</ele>
        <time>2026-08-06T04:58:16.000Z</time>
      </trkpt>
      <trkpt lat="57.0188995" lon="9.9703186">
        <ele>21.2</ele>
        <time>2026-08-06T04:58:17.000Z</time>
      </trkpt>
      <trkpt lat="57.018897" lon="9.9703595">
        <ele>21.2</ele>
        <time>2026-08-06T04:58:18.000Z</time>
      </trkpt>
      <trkpt lat="57.0188977" lon="9.970402">
        <ele>21.2</ele>
        <time>2026-08-06T04:58:19.000Z</time>
      </trkpt>
      <trkpt lat="57.0188899" lon="9.9704487">
        <ele>21.4</ele>
        <time>2026-08-06T04:58:20.000Z</time>
      </trkpt>
      <trkpt lat="57.0188881" lon="9.9704852">
        <ele>21.4</ele>
        <time>2026-08-06T04:58:21.000Z</time>
      </trkpt>
      <trkpt lat="57.0188833" lon="9.9705346">
        <ele>21.4</ele>
        <time>2026-08-06T04:58:22.000Z</time>
      </trkpt>
      <trkpt lat="57.0188787" lon="9.9705788">
        <ele>21.4</ele>
        <time>2026-08-06T04:58:23.000Z</time>
      </trkpt>
      <trkpt lat="57.018878" lon="9.9706211">
        <ele>21.4</ele>
        <time>2026-08-06T04:58:24.000Z</time>
      </trkpt>
      <trkpt lat="57.0188711" lon="9.9706715">
        <ele>21.2</ele>
        <time>2026-08-06T04:58:25.000Z</time>
      </trkpt>
      <trkpt lat="57.0188712" lon="9.9707078">
        <ele>21.2</ele>
        <time>2026-08-06T04:58:26.000Z</time>
      </trkpt>
      <trkpt lat="57.0188703" lon="9.9707604">
        <ele>21.2</ele>
        <time>2026-08-06T04:58:27.000Z</time>
      </trkpt>
      <trkpt lat="57.018866" lon="9.9708057">
        <ele>21.2</ele>
        <time>2026-08-06T04:58:28.000Z</time>
      </trkpt>
      <trkpt lat="57.0188664" lon="9.97085">
        <ele>21</ele>
        <time>2026-08-06T04:58:29.000Z</time>
      </trkpt>
      <trkpt lat="57.0188598" lon="9.9709051">
        <ele>21</ele>
        <time>2026-08-06T04:58:30.000Z</time>
      </trkpt>
      <trkpt lat="57.0188597" lon="9.9709458">
        <ele>21</ele>
        <time>2026-08-06T04:58:31.000Z</time>
      </trkpt>
      <trkpt lat="57.0188592" lon="9.9709954">
        <ele>21</ele>
        <time>2026-08-06T04:58:32.000Z</time>
      </trkpt>
      <trkpt lat="57.0188578" lon="9.971038">
        <ele>21</ele>
        <time>2026-08-06T04:58:33.000Z</time>
      </trkpt>
      <trkpt lat="57.0188577" lon="9.9710797">
        <ele>20.8</ele>
        <time>2026-08-06T04:58:34.000Z</time>
      </trkpt>
      <trkpt lat="57.0188535" lon="9.9711322">
        <ele>20.8</ele>
        <time>2026-08-06T04:58:35.000Z</time>
      </trkpt>
      <trkpt lat="57.0188531" lon="9.971181">
        <ele>20.6</ele>
        <time>2026-08-06T04:58:36.000Z</time>
      </trkpt>
      <trkpt lat="57.0188568" lon="9.9712298">
        <ele>20.6</ele>
        <time>2026-08-06T04:58:37.000Z</time>
      </trkpt>
      <trkpt lat="57.0188532" lon="9.9712776">
        <ele>20.4</ele>
        <time>2026-08-06T04:58:38.000Z</time>
      </trkpt>
      <trkpt lat="57.0188566" lon="9.9713139">
        <ele>20.4</ele>
        <time>2026-08-06T04:58:39.000Z</time>
      </trkpt>
      <trkpt lat="57.0188531" lon="9.97137">
        <ele>20.2</ele>
        <time>2026-08-06T04:58:40.000Z</time>
      </trkpt>
      <trkpt lat="57.0188532" lon="9.9714192">
        <ele>20.2</ele>
        <time>2026-08-06T04:58:41.000Z</time>
      </trkpt>
      <trkpt lat="57.0188553" lon="9.9714669">
        <ele>20.2</ele>
        <time>2026-08-06T04:58:42.000Z</time>
      </trkpt>
      <trkpt lat="57.0188483" lon="9.97152">
        <ele>20</ele>
        <time>2026-08-06T04:58:43.000Z</time>
      </trkpt>
      <trkpt lat="57.0188483" lon="9.9715578">
        <ele>19.8</ele>
        <time>2026-08-06T04:58:44.000Z</time>
      </trkpt>
      <trkpt lat="57.0188509" lon="9.9716111">
        <ele>19.8</ele>
        <time>2026-08-06T04:58:45.000Z</time>
      </trkpt>
      <trkpt lat="57.0188478" lon="9.9716578">
        <ele>19.6</ele>
        <time>2026-08-06T04:58:46.000Z</time>
      </trkpt>
      <trkpt lat="57.0188483" lon="9.9717046">
        <ele>19.6</ele>
        <time>2026-08-06T04:58:47.000Z</time>
      </trkpt>
      <trkpt lat="57.0188414" lon="9.9717585">
        <ele>19.4</ele>
        <time>2026-08-06T04:58:48.000Z</time>
      </trkpt>
      <trkpt lat="57.0188396" lon="9.9717982">
        <ele>19.4</ele>
        <time>2026-08-06T04:58:49.000Z</time>
      </trkpt>
      <trkpt lat="57.0188406" lon="9.9718552">
        <ele>19.2</ele>
        <time>2026-08-06T04:58:50.000Z</time>
      </trkpt>
      <trkpt lat="57.0188425" lon="9.9718978">
        <ele>19</ele>
        <time>2026-08-06T04:58:51.000Z</time>
      </trkpt>
      <trkpt lat="57.0188456" lon="9.9719391">
        <ele>19</ele>
        <time>2026-08-06T04:58:52.000Z</time>
      </trkpt>
      <trkpt lat="57.0188418" lon="9.9719883">
        <ele>19</ele>
        <time>2026-08-06T04:58:53.000Z</time>
      </trkpt>
      <trkpt lat="57.0188425" lon="9.972031">
        <ele>19</ele>
        <time>2026-08-06T04:58:54.000Z</time>
      </trkpt>
      <trkpt lat="57.0188374" lon="9.97208">
        <ele>18.8</ele>
        <time>2026-08-06T04:58:55.000Z</time>
      </trkpt>
      <trkpt lat="57.018839" lon="9.9721265">
        <ele>19</ele>
        <time>2026-08-06T04:58:56.000Z</time>
      </trkpt>
      <trkpt lat="57.0188431" lon="9.9721673">
        <ele>18.8</ele>
        <time>2026-08-06T04:58:57.000Z</time>
      </trkpt>
      <trkpt lat="57.0188446" lon="9.9722209">
        <ele>18.8</ele>
        <time>2026-08-06T04:58:58.000Z</time>
      </trkpt>
      <trkpt lat="57.0188468" lon="9.9722608">
        <ele>18.8</ele>
        <time>2026-08-06T04:58:59.000Z</time>
      </trkpt>
      <trkpt lat="57.0188459" lon="9.9723103">
        <ele>18.6</ele>
        <time>2026-08-06T04:59:00.000Z</time>
      </trkpt>
      <trkpt lat="57.0188473" lon="9.9723554">
        <ele>18.6</ele>
        <time>2026-08-06T04:59:01.000Z</time>
      </trkpt>
      <trkpt lat="57.0188447" lon="9.9724052">
        <ele>18.6</ele>
        <time>2026-08-06T04:59:02.000Z</time>
      </trkpt>
      <trkpt lat="57.0188443" lon="9.9724551">
        <ele>18.4</ele>
        <time>2026-08-06T04:59:03.000Z</time>
      </trkpt>
      <trkpt lat="57.0188455" lon="9.9724992">
        <ele>18.4</ele>
        <time>2026-08-06T04:59:04.000Z</time>
      </trkpt>
      <trkpt lat="57.018845" lon="9.9725473">
        <ele>18.4</ele>
        <time>2026-08-06T04:59:05.000Z</time>
      </trkpt>
      <trkpt lat="57.018843" lon="9.9725862">
        <ele>18.4</ele>
        <time>2026-08-06T04:59:06.000Z</time>
      </trkpt>
      <trkpt lat="57.0188446" lon="9.9726242">
        <ele>18.2</ele>
        <time>2026-08-06T04:59:07.000Z</time>
      </trkpt>
      <trkpt lat="57.0188421" lon="9.9726661">
        <ele>18</ele>
        <time>2026-08-06T04:59:08.000Z</time>
      </trkpt>
      <trkpt lat="57.0188452" lon="9.9727005">
        <ele>18</ele>
        <time>2026-08-06T04:59:09.000Z</time>
      </trkpt>
      <trkpt lat="57.0188467" lon="9.9727488">
        <ele>18</ele>
        <time>2026-08-06T04:59:10.000Z</time>
      </trkpt>
      <trkpt lat="57.0188467" lon="9.972786">
        <ele>17.8</ele>
        <time>2026-08-06T04:59:11.000Z</time>
      </trkpt>
      <trkpt lat="57.0188474" lon="9.9728304">
        <ele>17.8</ele>
        <time>2026-08-06T04:59:12.000Z</time>
      </trkpt>
      <trkpt lat="57.0188435" lon="9.9728793">
        <ele>17.8</ele>
        <time>2026-08-06T04:59:13.000Z</time>
      </trkpt>
      <trkpt lat="57.0188442" lon="9.9729166">
        <ele>17.8</ele>
        <time>2026-08-06T04:59:14.000Z</time>
      </trkpt>
      <trkpt lat="57.0188407" lon="9.9729733">
        <ele>17.8</ele>
        <time>2026-08-06T04:59:15.000Z</time>
      </trkpt>
      <trkpt lat="57.0188402" lon="9.9730112">
        <ele>17.8</ele>
        <time>2026-08-06T04:59:16.000Z</time>
      </trkpt>
      <trkpt lat="57.0188393" lon="9.9730589">
        <ele>17.6</ele>
        <time>2026-08-06T04:59:17.000Z</time>
      </trkpt>
      <trkpt lat="57.0188384" lon="9.9731067">
        <ele>17.6</ele>
        <time>2026-08-06T04:59:18.000Z</time>
      </trkpt>
      <trkpt lat="57.0188377" lon="9.9731482">
        <ele>17.6</ele>
        <time>2026-08-06T04:59:19.000Z</time>
      </trkpt>
      <trkpt lat="57.0188372" lon="9.9732016">
        <ele>17.6</ele>
        <time>2026-08-06T04:59:20.000Z</time>
      </trkpt>
      <trkpt lat="57.0188353" lon="9.9732444">
        <ele>17.4</ele>
        <time>2026-08-06T04:59:21.000Z</time>
      </trkpt>
      <trkpt lat="57.0188317" lon="9.973293">
        <ele>17.4</ele>
        <time>2026-08-06T04:59:22.000Z</time>
      </trkpt>
      <trkpt lat="57.0188303" lon="9.9733421">
        <ele>17.2</ele>
        <time>2026-08-06T04:59:23.000Z</time>
      </trkpt>
      <trkpt lat="57.0188315" lon="9.9733857">
        <ele>17.2</ele>
        <time>2026-08-06T04:59:24.000Z</time>
      </trkpt>
      <trkpt lat="57.0188336" lon="9.9734394">
        <ele>17</ele>
        <time>2026-08-06T04:59:25.000Z</time>
      </trkpt>
      <trkpt lat="57.0188338" lon="9.9734848">
        <ele>17</ele>
        <time>2026-08-06T04:59:26.000Z</time>
      </trkpt>
      <trkpt lat="57.0188338" lon="9.9735364">
        <ele>17</ele>
        <time>2026-08-06T04:59:27.000Z</time>
      </trkpt>
      <trkpt lat="57.0188361" lon="9.9735836">
        <ele>17</ele>
        <time>2026-08-06T04:59:28.000Z</time>
      </trkpt>
      <trkpt lat="57.0188385" lon="9.9736294">
        <ele>16.8</ele>
        <time>2026-08-06T04:59:29.000Z</time>
      </trkpt>
      <trkpt lat="57.0188358" lon="9.9736847">
        <ele>16.8</ele>
        <time>2026-08-06T04:59:30.000Z</time>
      </trkpt>
      <trkpt lat="57.0188368" lon="9.9737277">
        <ele>16.8</ele>
        <time>2026-08-06T04:59:31.000Z</time>
      </trkpt>
      <trkpt lat="57.0188336" lon="9.9737793">
        <ele>16.6</ele>
        <time>2026-08-06T04:59:32.000Z</time>
      </trkpt>
      <trkpt lat="57.0188338" lon="9.9738245">
        <ele>16.6</ele>
        <time>2026-08-06T04:59:33.000Z</time>
      </trkpt>
      <trkpt lat="57.018834" lon="9.9738682">
        <ele>16.4</ele>
        <time>2026-08-06T04:59:34.000Z</time>
      </trkpt>
      <trkpt lat="57.0188321" lon="9.9739187">
        <ele>16.4</ele>
        <time>2026-08-06T04:59:35.000Z</time>
      </trkpt>
      <trkpt lat="57.0188348" lon="9.9739527">
        <ele>16.4</ele>
        <time>2026-08-06T04:59:36.000Z</time>
      </trkpt>
      <trkpt lat="57.0188318" lon="9.9740051">
        <ele>16.2</ele>
        <time>2026-08-06T04:59:37.000Z</time>
      </trkpt>
      <trkpt lat="57.0188254" lon="9.9740529">
        <ele>16.2</ele>
        <time>2026-08-06T04:59:38.000Z</time>
      </trkpt>
      <trkpt lat="57.018815" lon="9.9740982">
        <ele>16</ele>
        <time>2026-08-06T04:59:39.000Z</time>
      </trkpt>
      <trkpt lat="57.0187897" lon="9.9741268">
        <ele>16</ele>
        <time>2026-08-06T04:59:40.000Z</time>
      </trkpt>
      <trkpt lat="57.0187706" lon="9.9741516">
        <ele>16</ele>
        <time>2026-08-06T04:59:41.000Z</time>
      </trkpt>
      <trkpt lat="57.018746" lon="9.9741758">
        <ele>16</ele>
        <time>2026-08-06T04:59:42.000Z</time>
      </trkpt>
      <trkpt lat="57.0187239" lon="9.9741991">
        <ele>16</ele>
        <time>2026-08-06T04:59:43.000Z</time>
      </trkpt>
      <trkpt lat="57.0187007" lon="9.9742328">
        <ele>16</ele>
        <time>2026-08-06T04:59:44.000Z</time>
      </trkpt>
      <trkpt lat="57.0186737" lon="9.9742532">
        <ele>16</ele>
        <time>2026-08-06T04:59:45.000Z</time>
      </trkpt>
      <trkpt lat="57.0186499" lon="9.9742702">
        <ele>15.8</ele>
        <time>2026-08-06T04:59:46.000Z</time>
      </trkpt>
      <trkpt lat="57.0186194" lon="9.9742853">
        <ele>16</ele>
        <time>2026-08-06T04:59:47.000Z</time>
      </trkpt>
      <trkpt lat="57.0185933" lon="9.9743026">
        <ele>16</ele>
        <time>2026-08-06T04:59:48.000Z</time>
      </trkpt>
      <trkpt lat="57.0185753" lon="9.9743281">
        <ele>16</ele>
        <time>2026-08-06T04:59:49.000Z</time>
      </trkpt>
      <trkpt lat="57.0185514" lon="9.9743557">
        <ele>15.8</ele>
        <time>2026-08-06T04:59:50.000Z</time>
      </trkpt>
      <trkpt lat="57.0185332" lon="9.9743827">
        <ele>15.8</ele>
        <time>2026-08-06T04:59:51.000Z</time>
      </trkpt>
      <trkpt lat="57.0185091" lon="9.9744252">
        <ele>15.8</ele>
        <time>2026-08-06T04:59:52.000Z</time>
      </trkpt>
      <trkpt lat="57.018489" lon="9.9744587">
        <ele>15.6</ele>
        <time>2026-08-06T04:59:53.000Z</time>
      </trkpt>
      <trkpt lat="57.0184726" lon="9.9745005">
        <ele>15.6</ele>
        <time>2026-08-06T04:59:54.000Z</time>
      </trkpt>
      <trkpt lat="57.018455" lon="9.9745441">
        <ele>15.6</ele>
        <time>2026-08-06T04:59:55.000Z</time>
      </trkpt>
      <trkpt lat="57.0184539" lon="9.9745818">
        <ele>15.6</ele>
        <time>2026-08-06T04:59:56.000Z</time>
      </trkpt>
      <trkpt lat="57.018445" lon="9.9746322">
        <ele>15.6</ele>
        <time>2026-08-06T04:59:57.000Z</time>
      </trkpt>
      <trkpt lat="57.0184259" lon="9.9746713">
        <ele>15.4</ele>
        <time>2026-08-06T04:59:58.000Z</time>
      </trkpt>
      <trkpt lat="57.0184215" lon="9.974713">
        <ele>15.4</ele>
        <time>2026-08-06T04:59:59.000Z</time>
      </trkpt>
      <trkpt lat="57.0184059" lon="9.9747647">
        <ele>15.4</ele>
        <time>2026-08-06T05:00:00.000Z</time>
      </trkpt>
      <trkpt lat="57.0183924" lon="9.9748009">
        <ele>15.4</ele>
        <time>2026-08-06T05:00:01.000Z</time>
      </trkpt>
      <trkpt lat="57.0183842" lon="9.9748436">
        <ele>15.4</ele>
        <time>2026-08-06T05:00:02.000Z</time>
      </trkpt>
      <trkpt lat="57.0183684" lon="9.9748875">
        <ele>15.2</ele>
        <time>2026-08-06T05:00:03.000Z</time>
      </trkpt>
      <trkpt lat="57.0183592" lon="9.9749285">
        <ele>15.2</ele>
        <time>2026-08-06T05:00:04.000Z</time>
      </trkpt>
      <trkpt lat="57.0183469" lon="9.9749777">
        <ele>15.2</ele>
        <time>2026-08-06T05:00:05.000Z</time>
      </trkpt>
      <trkpt lat="57.0183379" lon="9.9750194">
        <ele>15</ele>
        <time>2026-08-06T05:00:06.000Z</time>
      </trkpt>
      <trkpt lat="57.018329" lon="9.9750632">
        <ele>15</ele>
        <time>2026-08-06T05:00:07.000Z</time>
      </trkpt>
      <trkpt lat="57.0183152" lon="9.9751102">
        <ele>15</ele>
        <time>2026-08-06T05:00:08.000Z</time>
      </trkpt>
      <trkpt lat="57.0183116" lon="9.9751461">
        <ele>14.8</ele>
        <time>2026-08-06T05:00:09.000Z</time>
      </trkpt>
      <trkpt lat="57.0183008" lon="9.9751952">
        <ele>14.8</ele>
        <time>2026-08-06T05:00:10.000Z</time>
      </trkpt>
      <trkpt lat="57.0182927" lon="9.9752321">
        <ele>14.6</ele>
        <time>2026-08-06T05:00:11.000Z</time>
      </trkpt>
      <trkpt lat="57.0182847" lon="9.9752737">
        <ele>14.6</ele>
        <time>2026-08-06T05:00:12.000Z</time>
      </trkpt>
      <trkpt lat="57.0182698" lon="9.9753181">
        <ele>14.6</ele>
        <time>2026-08-06T05:00:13.000Z</time>
      </trkpt>
      <trkpt lat="57.0182614" lon="9.9753584">
        <ele>14.6</ele>
        <time>2026-08-06T05:00:14.000Z</time>
      </trkpt>
      <trkpt lat="57.0182494" lon="9.9754035">
        <ele>14.6</ele>
        <time>2026-08-06T05:00:15.000Z</time>
      </trkpt>
      <trkpt lat="57.0182399" lon="9.9754413">
        <ele>14.6</ele>
        <time>2026-08-06T05:00:16.000Z</time>
      </trkpt>
      <trkpt lat="57.0182311" lon="9.9754771">
        <ele>14.4</ele>
        <time>2026-08-06T05:00:17.000Z</time>
      </trkpt>
      <trkpt lat="57.0182148" lon="9.975518">
        <ele>14.4</ele>
        <time>2026-08-06T05:00:18.000Z</time>
      </trkpt>
      <trkpt lat="57.018207" lon="9.9755569">
        <ele>14.6</ele>
        <time>2026-08-06T05:00:19.000Z</time>
      </trkpt>
      <trkpt lat="57.0181965" lon="9.9756009">
        <ele>14.6</ele>
        <time>2026-08-06T05:00:20.000Z</time>
      </trkpt>
      <trkpt lat="57.0181852" lon="9.9756403">
        <ele>14.6</ele>
        <time>2026-08-06T05:00:21.000Z</time>
      </trkpt>
      <trkpt lat="57.0181777" lon="9.975689">
        <ele>14.6</ele>
        <time>2026-08-06T05:00:22.000Z</time>
      </trkpt>
      <trkpt lat="57.0181683" lon="9.9757309">
        <ele>14.6</ele>
        <time>2026-08-06T05:00:23.000Z</time>
      </trkpt>
      <trkpt lat="57.0181684" lon="9.97578">
        <ele>14.4</ele>
        <time>2026-08-06T05:00:24.000Z</time>
      </trkpt>
      <trkpt lat="57.0181613" lon="9.9758291">
        <ele>14.4</ele>
        <time>2026-08-06T05:00:25.000Z</time>
      </trkpt>
      <trkpt lat="57.0181573" lon="9.9758734">
        <ele>14.4</ele>
        <time>2026-08-06T05:00:26.000Z</time>
      </trkpt>
      <trkpt lat="57.0181485" lon="9.9759157">
        <ele>14.4</ele>
        <time>2026-08-06T05:00:27.000Z</time>
      </trkpt>
      <trkpt lat="57.0181283" lon="9.975957">
        <ele>14.2</ele>
        <time>2026-08-06T05:00:28.000Z</time>
      </trkpt>
      <trkpt lat="57.0181174" lon="9.9759908">
        <ele>14.4</ele>
        <time>2026-08-06T05:00:29.000Z</time>
      </trkpt>
      <trkpt lat="57.0180995" lon="9.976036">
        <ele>14.2</ele>
        <time>2026-08-06T05:00:30.000Z</time>
      </trkpt>
      <trkpt lat="57.0180782" lon="9.976063">
        <ele>14.2</ele>
        <time>2026-08-06T05:00:31.000Z</time>
      </trkpt>
      <trkpt lat="57.0180569" lon="9.9760926">
        <ele>13.8</ele>
        <time>2026-08-06T05:00:32.000Z</time>
      </trkpt>
      <trkpt lat="57.0180294" lon="9.9760909">
        <ele>13.6</ele>
        <time>2026-08-06T05:00:33.000Z</time>
      </trkpt>
      <trkpt lat="57.0180096" lon="9.9760889">
        <ele>13.4</ele>
        <time>2026-08-06T05:00:34.000Z</time>
      </trkpt>
      <trkpt lat="57.0179839" lon="9.9760892">
        <ele>13.4</ele>
        <time>2026-08-06T05:00:35.000Z</time>
      </trkpt>
      <trkpt lat="57.017962" lon="9.9760858">
        <ele>13.6</ele>
        <time>2026-08-06T05:00:36.000Z</time>
      </trkpt>
      <trkpt lat="57.0179404" lon="9.9760956">
        <ele>13.6</ele>
        <time>2026-08-06T05:00:37.000Z</time>
      </trkpt>
      <trkpt lat="57.0179161" lon="9.9760876">
        <ele>13.8</ele>
        <time>2026-08-06T05:00:38.000Z</time>
      </trkpt>
      <trkpt lat="57.0178972" lon="9.976077">
        <ele>13.8</ele>
        <time>2026-08-06T05:00:39.000Z</time>
      </trkpt>
      <trkpt lat="57.0178749" lon="9.9760764">
        <ele>13.8</ele>
        <time>2026-08-06T05:00:40.000Z</time>
      </trkpt>
      <trkpt lat="57.0178512" lon="9.9760702">
        <ele>13.8</ele>
        <time>2026-08-06T05:00:41.000Z</time>
      </trkpt>
      <trkpt lat="57.0178304" lon="9.9760687">
        <ele>14.2</ele>
        <time>2026-08-06T05:00:42.000Z</time>
      </trkpt>
      <trkpt lat="57.0178031" lon="9.9760563">
        <ele>14.2</ele>
        <time>2026-08-06T05:00:43.000Z</time>
      </trkpt>
      <trkpt lat="57.0177804" lon="9.9760439">
        <ele>14.2</ele>
        <time>2026-08-06T05:00:44.000Z</time>
      </trkpt>
      <trkpt lat="57.017758" lon="9.9760408">
        <ele>14.2</ele>
        <time>2026-08-06T05:00:45.000Z</time>
      </trkpt>
      <trkpt lat="57.0177382" lon="9.976015">
        <ele>14.2</ele>
        <time>2026-08-06T05:00:46.000Z</time>
      </trkpt>
      <trkpt lat="57.0177173" lon="9.9760025">
        <ele>14.2</ele>
        <time>2026-08-06T05:00:47.000Z</time>
      </trkpt>
      <trkpt lat="57.0176943" lon="9.9759938">
        <ele>14.2</ele>
        <time>2026-08-06T05:00:48.000Z</time>
      </trkpt>
      <trkpt lat="57.0176672" lon="9.9759738">
        <ele>14.4</ele>
        <time>2026-08-06T05:00:49.000Z</time>
      </trkpt>
      <trkpt lat="57.0176486" lon="9.9759551">
        <ele>14.4</ele>
        <time>2026-08-06T05:00:50.000Z</time>
      </trkpt>
      <trkpt lat="57.017624" lon="9.9759435">
        <ele>14.4</ele>
        <time>2026-08-06T05:00:51.000Z</time>
      </trkpt>
      <trkpt lat="57.0176012" lon="9.9759326">
        <ele>14.4</ele>
        <time>2026-08-06T05:00:52.000Z</time>
      </trkpt>
      <trkpt lat="57.0175803" lon="9.975929">
        <ele>14.6</ele>
        <time>2026-08-06T05:00:53.000Z</time>
      </trkpt>
      <trkpt lat="57.0175546" lon="9.9759192">
        <ele>14.6</ele>
        <time>2026-08-06T05:00:54.000Z</time>
      </trkpt>
      <trkpt lat="57.017536" lon="9.9759081">
        <ele>14.8</ele>
        <time>2026-08-06T05:00:55.000Z</time>
      </trkpt>
      <trkpt lat="57.017511" lon="9.9759082">
        <ele>15</ele>
        <time>2026-08-06T05:00:56.000Z</time>
      </trkpt>
      <trkpt lat="57.0174855" lon="9.9759043">
        <ele>15.2</ele>
        <time>2026-08-06T05:00:57.000Z</time>
      </trkpt>
      <trkpt lat="57.0174703" lon="9.9758954">
        <ele>15.2</ele>
        <time>2026-08-06T05:00:58.000Z</time>
      </trkpt>
      <trkpt lat="57.0174471" lon="9.9758887">
        <ele>15.4</ele>
        <time>2026-08-06T05:00:59.000Z</time>
      </trkpt>
      <trkpt lat="57.0174261" lon="9.9758821">
        <ele>15.4</ele>
        <time>2026-08-06T05:01:00.000Z</time>
      </trkpt>
      <trkpt lat="57.017404" lon="9.9758879">
        <ele>15.2</ele>
        <time>2026-08-06T05:01:01.000Z</time>
      </trkpt>
      <trkpt lat="57.017373" lon="9.9758834">
        <ele>15</ele>
        <time>2026-08-06T05:01:02.000Z</time>
      </trkpt>
      <trkpt lat="57.0173522" lon="9.9758749">
        <ele>14.8</ele>
        <time>2026-08-06T05:01:03.000Z</time>
      </trkpt>
      <trkpt lat="57.0173249" lon="9.9758769">
        <ele>14.6</ele>
        <time>2026-08-06T05:01:04.000Z</time>
      </trkpt>
      <trkpt lat="57.017299" lon="9.9758775">
        <ele>14.4</ele>
        <time>2026-08-06T05:01:05.000Z</time>
      </trkpt>
      <trkpt lat="57.0172761" lon="9.9758821">
        <ele>14.4</ele>
        <time>2026-08-06T05:01:06.000Z</time>
      </trkpt>
      <trkpt lat="57.0172499" lon="9.9758754">
        <ele>14.2</ele>
        <time>2026-08-06T05:01:07.000Z</time>
      </trkpt>
      <trkpt lat="57.0172311" lon="9.9758682">
        <ele>14.2</ele>
        <time>2026-08-06T05:01:08.000Z</time>
      </trkpt>
      <trkpt lat="57.0172069" lon="9.9758731">
        <ele>14</ele>
        <time>2026-08-06T05:01:09.000Z</time>
      </trkpt>
      <trkpt lat="57.0171808" lon="9.9758672">
        <ele>14</ele>
        <time>2026-08-06T05:01:10.000Z</time>
      </trkpt>
      <trkpt lat="57.0171617" lon="9.9758647">
        <ele>14</ele>
        <time>2026-08-06T05:01:11.000Z</time>
      </trkpt>
      <trkpt lat="57.0171325" lon="9.9758695">
        <ele>13.8</ele>
        <time>2026-08-06T05:01:12.000Z</time>
      </trkpt>
      <trkpt lat="57.0171091" lon="9.9758683">
        <ele>13.8</ele>
        <time>2026-08-06T05:01:13.000Z</time>
      </trkpt>
      <trkpt lat="57.0170831" lon="9.9758796">
        <ele>13.8</ele>
        <time>2026-08-06T05:01:14.000Z</time>
      </trkpt>
      <trkpt lat="57.0170537" lon="9.9758688">
        <ele>13.8</ele>
        <time>2026-08-06T05:01:15.000Z</time>
      </trkpt>
      <trkpt lat="57.0170332" lon="9.9758648">
        <ele>14</ele>
        <time>2026-08-06T05:01:16.000Z</time>
      </trkpt>
      <trkpt lat="57.017006" lon="9.9758603">
        <ele>14.2</ele>
        <time>2026-08-06T05:01:17.000Z</time>
      </trkpt>
      <trkpt lat="57.0169825" lon="9.9758571">
        <ele>14.4</ele>
        <time>2026-08-06T05:01:18.000Z</time>
      </trkpt>
      <trkpt lat="57.0169584" lon="9.9758688">
        <ele>14.4</ele>
        <time>2026-08-06T05:01:19.000Z</time>
      </trkpt>
      <trkpt lat="57.016932" lon="9.9758716">
        <ele>14.4</ele>
        <time>2026-08-06T05:01:20.000Z</time>
      </trkpt>
      <trkpt lat="57.0169099" lon="9.9758699">
        <ele>14.4</ele>
        <time>2026-08-06T05:01:21.000Z</time>
      </trkpt>
      <trkpt lat="57.0168856" lon="9.9758769">
        <ele>14.4</ele>
        <time>2026-08-06T05:01:22.000Z</time>
      </trkpt>
      <trkpt lat="57.0168631" lon="9.9758813">
        <ele>14.4</ele>
        <time>2026-08-06T05:01:23.000Z</time>
      </trkpt>
      <trkpt lat="57.0168458" lon="9.9758857">
        <ele>14.4</ele>
        <time>2026-08-06T05:01:24.000Z</time>
      </trkpt>
      <trkpt lat="57.0168195" lon="9.9758903">
        <ele>14.4</ele>
        <time>2026-08-06T05:01:25.000Z</time>
      </trkpt>
      <trkpt lat="57.0167975" lon="9.9758962">
        <ele>14.4</ele>
        <time>2026-08-06T05:01:26.000Z</time>
      </trkpt>
      <trkpt lat="57.0167743" lon="9.9759098">
        <ele>14.4</ele>
        <time>2026-08-06T05:01:27.000Z</time>
      </trkpt>
      <trkpt lat="57.0167489" lon="9.9759184">
        <ele>14.4</ele>
        <time>2026-08-06T05:01:28.000Z</time>
      </trkpt>
      <trkpt lat="57.016731" lon="9.9759215">
        <ele>14.6</ele>
        <time>2026-08-06T05:01:29.000Z</time>
      </trkpt>
      <trkpt lat="57.0167082" lon="9.9759312">
        <ele>14.6</ele>
        <time>2026-08-06T05:01:30.000Z</time>
      </trkpt>
      <trkpt lat="57.0166853" lon="9.9759354">
        <ele>14.6</ele>
        <time>2026-08-06T05:01:31.000Z</time>
      </trkpt>
      <trkpt lat="57.016662" lon="9.9759432">
        <ele>14.4</ele>
        <time>2026-08-06T05:01:32.000Z</time>
      </trkpt>
      <trkpt lat="57.0166339" lon="9.975947">
        <ele>14.4</ele>
        <time>2026-08-06T05:01:33.000Z</time>
      </trkpt>
      <trkpt lat="57.0166126" lon="9.975947">
        <ele>14.2</ele>
        <time>2026-08-06T05:01:34.000Z</time>
      </trkpt>
      <trkpt lat="57.0165866" lon="9.9759453">
        <ele>14</ele>
        <time>2026-08-06T05:01:35.000Z</time>
      </trkpt>
      <trkpt lat="57.0165613" lon="9.975947">
        <ele>14</ele>
        <time>2026-08-06T05:01:36.000Z</time>
      </trkpt>
      <trkpt lat="57.016541" lon="9.9759501">
        <ele>14</ele>
        <time>2026-08-06T05:01:37.000Z</time>
      </trkpt>
      <trkpt lat="57.0165163" lon="9.9759521">
        <ele>14</ele>
        <time>2026-08-06T05:01:38.000Z</time>
      </trkpt>
      <trkpt lat="57.016497" lon="9.9759565">
        <ele>14</ele>
        <time>2026-08-06T05:01:39.000Z</time>
      </trkpt>
      <trkpt lat="57.0164768" lon="9.9759562">
        <ele>14</ele>
        <time>2026-08-06T05:01:40.000Z</time>
      </trkpt>
      <trkpt lat="57.0164571" lon="9.9759579">
        <ele>14</ele>
        <time>2026-08-06T05:01:41.000Z</time>
      </trkpt>
      <trkpt lat="57.0164416" lon="9.9759614">
        <ele>13.8</ele>
        <time>2026-08-06T05:01:42.000Z</time>
      </trkpt>
      <trkpt lat="57.0164175" lon="9.9759548">
        <ele>13.8</ele>
        <time>2026-08-06T05:01:43.000Z</time>
      </trkpt>
      <trkpt lat="57.0163968" lon="9.9759585">
        <ele>13.6</ele>
        <time>2026-08-06T05:01:44.000Z</time>
      </trkpt>
      <trkpt lat="57.0163737" lon="9.9759614">
        <ele>13.8</ele>
        <time>2026-08-06T05:01:45.000Z</time>
      </trkpt>
      <trkpt lat="57.0163479" lon="9.9759661">
        <ele>14</ele>
        <time>2026-08-06T05:01:46.000Z</time>
      </trkpt>
      <trkpt lat="57.0163261" lon="9.9759736">
        <ele>14.2</ele>
        <time>2026-08-06T05:01:47.000Z</time>
      </trkpt>
      <trkpt lat="57.0162912" lon="9.9759596">
        <ele>14.2</ele>
        <time>2026-08-06T05:01:48.000Z</time>
      </trkpt>
      <trkpt lat="57.0162645" lon="9.9759556">
        <ele>14</ele>
        <time>2026-08-06T05:01:49.000Z</time>
      </trkpt>
      <trkpt lat="57.0162373" lon="9.9759588">
        <ele>14</ele>
        <time>2026-08-06T05:01:50.000Z</time>
      </trkpt>
      <trkpt lat="57.016209" lon="9.9759534">
        <ele>14</ele>
        <time>2026-08-06T05:01:51.000Z</time>
      </trkpt>
      <trkpt lat="57.0161875" lon="9.9759535">
        <ele>14</ele>
        <time>2026-08-06T05:01:52.000Z</time>
      </trkpt>
      <trkpt lat="57.0161552" lon="9.9759413">
        <ele>14</ele>
        <time>2026-08-06T05:01:53.000Z</time>
      </trkpt>
      <trkpt lat="57.0161345" lon="9.9759388">
        <ele>14</ele>
        <time>2026-08-06T05:01:54.000Z</time>
      </trkpt>
      <trkpt lat="57.0161085" lon="9.9759405">
        <ele>14</ele>
        <time>2026-08-06T05:01:55.000Z</time>
      </trkpt>
      <trkpt lat="57.016083" lon="9.9759419">
        <ele>14</ele>
        <time>2026-08-06T05:01:56.000Z</time>
      </trkpt>
      <trkpt lat="57.0160671" lon="9.97595">
        <ele>14</ele>
        <time>2026-08-06T05:01:57.000Z</time>
      </trkpt>
      <trkpt lat="57.0160451" lon="9.9759451">
        <ele>14</ele>
        <time>2026-08-06T05:01:58.000Z</time>
      </trkpt>
      <trkpt lat="57.0160232" lon="9.9759433">
        <ele>14</ele>
        <time>2026-08-06T05:01:59.000Z</time>
      </trkpt>
      <trkpt lat="57.0160005" lon="9.9759479">
        <ele>14</ele>
        <time>2026-08-06T05:02:00.000Z</time>
      </trkpt>
      <trkpt lat="57.0159744" lon="9.9759478">
        <ele>14</ele>
        <time>2026-08-06T05:02:01.000Z</time>
      </trkpt>
      <trkpt lat="57.0159525" lon="9.9759479">
        <ele>14</ele>
        <time>2026-08-06T05:02:02.000Z</time>
      </trkpt>
      <trkpt lat="57.0159248" lon="9.9759407">
        <ele>14</ele>
        <time>2026-08-06T05:02:03.000Z</time>
      </trkpt>
      <trkpt lat="57.0159016" lon="9.9759345">
        <ele>13.8</ele>
        <time>2026-08-06T05:02:04.000Z</time>
      </trkpt>
      <trkpt lat="57.0158769" lon="9.9759371">
        <ele>13.8</ele>
        <time>2026-08-06T05:02:05.000Z</time>
      </trkpt>
      <trkpt lat="57.0158483" lon="9.9759377">
        <ele>13.6</ele>
        <time>2026-08-06T05:02:06.000Z</time>
      </trkpt>
      <trkpt lat="57.0158234" lon="9.97595">
        <ele>13.6</ele>
        <time>2026-08-06T05:02:07.000Z</time>
      </trkpt>
      <trkpt lat="57.0157921" lon="9.9759467">
        <ele>13.4</ele>
        <time>2026-08-06T05:02:08.000Z</time>
      </trkpt>
      <trkpt lat="57.0157693" lon="9.9759402">
        <ele>13.4</ele>
        <time>2026-08-06T05:02:09.000Z</time>
      </trkpt>
      <trkpt lat="57.0157432" lon="9.9759455">
        <ele>13.2</ele>
        <time>2026-08-06T05:02:10.000Z</time>
      </trkpt>
      <trkpt lat="57.015718" lon="9.9759463">
        <ele>13.2</ele>
        <time>2026-08-06T05:02:11.000Z</time>
      </trkpt>
      <trkpt lat="57.0156972" lon="9.975952">
        <ele>13</ele>
        <time>2026-08-06T05:02:12.000Z</time>
      </trkpt>
      <trkpt lat="57.0156724" lon="9.9759667">
        <ele>12.8</ele>
        <time>2026-08-06T05:02:13.000Z</time>
      </trkpt>
      <trkpt lat="57.0156509" lon="9.9759884">
        <ele>12.8</ele>
        <time>2026-08-06T05:02:14.000Z</time>
      </trkpt>
      <trkpt lat="57.0156294" lon="9.9760132">
        <ele>12.8</ele>
        <time>2026-08-06T05:02:15.000Z</time>
      </trkpt>
      <trkpt lat="57.0156067" lon="9.9760406">
        <ele>12.8</ele>
        <time>2026-08-06T05:02:16.000Z</time>
      </trkpt>
      <trkpt lat="57.0155921" lon="9.976082">
        <ele>12.8</ele>
        <time>2026-08-06T05:02:17.000Z</time>
      </trkpt>
      <trkpt lat="57.0155787" lon="9.9761308">
        <ele>12.8</ele>
        <time>2026-08-06T05:02:18.000Z</time>
      </trkpt>
      <trkpt lat="57.015575" lon="9.9761676">
        <ele>12.8</ele>
        <time>2026-08-06T05:02:19.000Z</time>
      </trkpt>
      <trkpt lat="57.0155716" lon="9.9762126">
        <ele>12.6</ele>
        <time>2026-08-06T05:02:20.000Z</time>
      </trkpt>
      <trkpt lat="57.0155752" lon="9.9762489">
        <ele>12.6</ele>
        <time>2026-08-06T05:02:21.000Z</time>
      </trkpt>
      <trkpt lat="57.0155807" lon="9.9762936">
        <ele>12.6</ele>
        <time>2026-08-06T05:02:22.000Z</time>
      </trkpt>
      <trkpt lat="57.0155908" lon="9.9763362">
        <ele>12.8</ele>
        <time>2026-08-06T05:02:23.000Z</time>
      </trkpt>
      <trkpt lat="57.015604" lon="9.976377">
        <ele>12.8</ele>
        <time>2026-08-06T05:02:24.000Z</time>
      </trkpt>
      <trkpt lat="57.0156135" lon="9.9764196">
        <ele>12.8</ele>
        <time>2026-08-06T05:02:25.000Z</time>
      </trkpt>
      <trkpt lat="57.0156206" lon="9.9764602">
        <ele>12.8</ele>
        <time>2026-08-06T05:02:26.000Z</time>
      </trkpt>
      <trkpt lat="57.0156268" lon="9.9765014">
        <ele>12.8</ele>
        <time>2026-08-06T05:02:27.000Z</time>
      </trkpt>
      <trkpt lat="57.0156294" lon="9.9765434">
        <ele>12.8</ele>
        <time>2026-08-06T05:02:28.000Z</time>
      </trkpt>
      <trkpt lat="57.0156364" lon="9.9765721">
        <ele>12.8</ele>
        <time>2026-08-06T05:02:29.000Z</time>
      </trkpt>
      <trkpt lat="57.0156318" lon="9.9766168">
        <ele>12.8</ele>
        <time>2026-08-06T05:02:30.000Z</time>
      </trkpt>
      <trkpt lat="57.0156315" lon="9.9766556">
        <ele>12.6</ele>
        <time>2026-08-06T05:02:31.000Z</time>
      </trkpt>
      <trkpt lat="57.0156356" lon="9.9766959">
        <ele>12.6</ele>
        <time>2026-08-06T05:02:32.000Z</time>
      </trkpt>
      <trkpt lat="57.0156356" lon="9.9767421">
        <ele>12.6</ele>
        <time>2026-08-06T05:02:33.000Z</time>
      </trkpt>
      <trkpt lat="57.0156405" lon="9.9767795">
        <ele>12.6</ele>
        <time>2026-08-06T05:02:34.000Z</time>
      </trkpt>
      <trkpt lat="57.0156404" lon="9.9768289">
        <ele>12.6</ele>
        <time>2026-08-06T05:02:35.000Z</time>
      </trkpt>
      <trkpt lat="57.0156325" lon="9.9768733">
        <ele>12.6</ele>
        <time>2026-08-06T05:02:36.000Z</time>
      </trkpt>
      <trkpt lat="57.0156312" lon="9.9769166">
        <ele>12.6</ele>
        <time>2026-08-06T05:02:37.000Z</time>
      </trkpt>
      <trkpt lat="57.0156165" lon="9.9769363">
        <ele>12.6</ele>
        <time>2026-08-06T05:02:38.000Z</time>
      </trkpt>
      <trkpt lat="57.015588" lon="9.9769467">
        <ele>12.6</ele>
        <time>2026-08-06T05:02:39.000Z</time>
      </trkpt>
      <trkpt lat="57.015555" lon="9.9769663">
        <ele>12.6</ele>
        <time>2026-08-06T05:02:40.000Z</time>
      </trkpt>
      <trkpt lat="57.0155282" lon="9.9769903">
        <ele>12.6</ele>
        <time>2026-08-06T05:02:41.000Z</time>
      </trkpt>
      <trkpt lat="57.015511" lon="9.9770285">
        <ele>12.6</ele>
        <time>2026-08-06T05:02:42.000Z</time>
      </trkpt>
      <trkpt lat="57.0154982" lon="9.9770819">
        <ele>12.6</ele>
        <time>2026-08-06T05:02:43.000Z</time>
      </trkpt>
      <trkpt lat="57.015499" lon="9.9771232">
        <ele>12.6</ele>
        <time>2026-08-06T05:02:44.000Z</time>
      </trkpt>
      <trkpt lat="57.015493" lon="9.9771755">
        <ele>12.6</ele>
        <time>2026-08-06T05:02:45.000Z</time>
      </trkpt>
      <trkpt lat="57.0154923" lon="9.9772136">
        <ele>12.6</ele>
        <time>2026-08-06T05:02:46.000Z</time>
      </trkpt>
      <trkpt lat="57.0154935" lon="9.9772637">
        <ele>12.6</ele>
        <time>2026-08-06T05:02:47.000Z</time>
      </trkpt>
      <trkpt lat="57.0154906" lon="9.9773131">
        <ele>12.6</ele>
        <time>2026-08-06T05:02:48.000Z</time>
      </trkpt>
      <trkpt lat="57.0154931" lon="9.9773528">
        <ele>12.6</ele>
        <time>2026-08-06T05:02:49.000Z</time>
      </trkpt>
      <trkpt lat="57.0154908" lon="9.9774016">
        <ele>12.6</ele>
        <time>2026-08-06T05:02:50.000Z</time>
      </trkpt>
      <trkpt lat="57.0154921" lon="9.9774395">
        <ele>12.6</ele>
        <time>2026-08-06T05:02:51.000Z</time>
      </trkpt>
      <trkpt lat="57.0154926" lon="9.977487">
        <ele>12.6</ele>
        <time>2026-08-06T05:02:52.000Z</time>
      </trkpt>
      <trkpt lat="57.0154904" lon="9.977529">
        <ele>12.6</ele>
        <time>2026-08-06T05:02:53.000Z</time>
      </trkpt>
      <trkpt lat="57.0154942" lon="9.9775629">
        <ele>12.6</ele>
        <time>2026-08-06T05:02:54.000Z</time>
      </trkpt>
      <trkpt lat="57.0154929" lon="9.9776097">
        <ele>12.6</ele>
        <time>2026-08-06T05:02:55.000Z</time>
      </trkpt>
      <trkpt lat="57.0154933" lon="9.9776494">
        <ele>12.6</ele>
        <time>2026-08-06T05:02:56.000Z</time>
      </trkpt>
      <trkpt lat="57.0154929" lon="9.9776989">
        <ele>12.6</ele>
        <time>2026-08-06T05:02:57.000Z</time>
      </trkpt>
      <trkpt lat="57.0154874" lon="9.9777468">
        <ele>12.6</ele>
        <time>2026-08-06T05:02:58.000Z</time>
      </trkpt>
      <trkpt lat="57.0154899" lon="9.9777836">
        <ele>12.6</ele>
        <time>2026-08-06T05:02:59.000Z</time>
      </trkpt>
      <trkpt lat="57.0154953" lon="9.9778342">
        <ele>12.6</ele>
        <time>2026-08-06T05:03:00.000Z</time>
      </trkpt>
      <trkpt lat="57.0154963" lon="9.9778807">
        <ele>12.6</ele>
        <time>2026-08-06T05:03:01.000Z</time>
      </trkpt>
      <trkpt lat="57.0154969" lon="9.9779273">
        <ele>12.4</ele>
        <time>2026-08-06T05:03:02.000Z</time>
      </trkpt>
      <trkpt lat="57.0154994" lon="9.9779771">
        <ele>12.4</ele>
        <time>2026-08-06T05:03:03.000Z</time>
      </trkpt>
      <trkpt lat="57.0155004" lon="9.9780134">
        <ele>12.6</ele>
        <time>2026-08-06T05:03:04.000Z</time>
      </trkpt>
      <trkpt lat="57.0154984" lon="9.978064">
        <ele>12.4</ele>
        <time>2026-08-06T05:03:05.000Z</time>
      </trkpt>
      <trkpt lat="57.0154953" lon="9.9781077">
        <ele>12.4</ele>
        <time>2026-08-06T05:03:06.000Z</time>
      </trkpt>
      <trkpt lat="57.0154962" lon="9.9781467">
        <ele>12.4</ele>
        <time>2026-08-06T05:03:07.000Z</time>
      </trkpt>
      <trkpt lat="57.015491" lon="9.9781903">
        <ele>12.4</ele>
        <time>2026-08-06T05:03:08.000Z</time>
      </trkpt>
      <trkpt lat="57.0154921" lon="9.97823">
        <ele>12.4</ele>
        <time>2026-08-06T05:03:09.000Z</time>
      </trkpt>
      <trkpt lat="57.0154883" lon="9.9782776">
        <ele>12.4</ele>
        <time>2026-08-06T05:03:10.000Z</time>
      </trkpt>
      <trkpt lat="57.015492" lon="9.9783193">
        <ele>12.4</ele>
        <time>2026-08-06T05:03:11.000Z</time>
      </trkpt>
      <trkpt lat="57.0154916" lon="9.9783641">
        <ele>12.4</ele>
        <time>2026-08-06T05:03:12.000Z</time>
      </trkpt>
      <trkpt lat="57.0154837" lon="9.9784126">
        <ele>12.2</ele>
        <time>2026-08-06T05:03:13.000Z</time>
      </trkpt>
      <trkpt lat="57.0154821" lon="9.9784538">
        <ele>12.2</ele>
        <time>2026-08-06T05:03:14.000Z</time>
      </trkpt>
      <trkpt lat="57.0154788" lon="9.9785059">
        <ele>12.2</ele>
        <time>2026-08-06T05:03:15.000Z</time>
      </trkpt>
      <trkpt lat="57.0154809" lon="9.9785527">
        <ele>12</ele>
        <time>2026-08-06T05:03:16.000Z</time>
      </trkpt>
      <trkpt lat="57.0154802" lon="9.9785967">
        <ele>12</ele>
        <time>2026-08-06T05:03:17.000Z</time>
      </trkpt>
      <trkpt lat="57.0154753" lon="9.9786422">
        <ele>12</ele>
        <time>2026-08-06T05:03:18.000Z</time>
      </trkpt>
      <trkpt lat="57.0154747" lon="9.9786808">
        <ele>12</ele>
        <time>2026-08-06T05:03:19.000Z</time>
      </trkpt>
      <trkpt lat="57.0154736" lon="9.9787251">
        <ele>12</ele>
        <time>2026-08-06T05:03:20.000Z</time>
      </trkpt>
      <trkpt lat="57.0154704" lon="9.9787724">
        <ele>12</ele>
        <time>2026-08-06T05:03:21.000Z</time>
      </trkpt>
      <trkpt lat="57.0154776" lon="9.978813">
        <ele>12</ele>
        <time>2026-08-06T05:03:22.000Z</time>
      </trkpt>
      <trkpt lat="57.0154768" lon="9.9788646">
        <ele>12</ele>
        <time>2026-08-06T05:03:23.000Z</time>
      </trkpt>
      <trkpt lat="57.015476" lon="9.9789109">
        <ele>11.8</ele>
        <time>2026-08-06T05:03:24.000Z</time>
      </trkpt>
      <trkpt lat="57.015477" lon="9.9789561">
        <ele>11.8</ele>
        <time>2026-08-06T05:03:25.000Z</time>
      </trkpt>
      <trkpt lat="57.0154748" lon="9.9790032">
        <ele>11.6</ele>
        <time>2026-08-06T05:03:26.000Z</time>
      </trkpt>
      <trkpt lat="57.015476" lon="9.9790508">
        <ele>11.6</ele>
        <time>2026-08-06T05:03:27.000Z</time>
      </trkpt>
      <trkpt lat="57.0154586" lon="9.9791048">
        <ele>11.6</ele>
        <time>2026-08-06T05:03:28.000Z</time>
      </trkpt>
      <trkpt lat="57.0154452" lon="9.9791349">
        <ele>11.4</ele>
        <time>2026-08-06T05:03:29.000Z</time>
      </trkpt>
      <trkpt lat="57.0154224" lon="9.9791426">
        <ele>11.4</ele>
        <time>2026-08-06T05:03:30.000Z</time>
      </trkpt>
      <trkpt lat="57.0154027" lon="9.9791455">
        <ele>11.2</ele>
        <time>2026-08-06T05:03:31.000Z</time>
      </trkpt>
      <trkpt lat="57.0153821" lon="9.9791493">
        <ele>11.2</ele>
        <time>2026-08-06T05:03:32.000Z</time>
      </trkpt>
      <trkpt lat="57.0153574" lon="9.9791493">
        <ele>11.4</ele>
        <time>2026-08-06T05:03:33.000Z</time>
      </trkpt>
      <trkpt lat="57.0153375" lon="9.9791434">
        <ele>11.4</ele>
        <time>2026-08-06T05:03:34.000Z</time>
      </trkpt>
      <trkpt lat="57.0153124" lon="9.9791486">
        <ele>11.4</ele>
        <time>2026-08-06T05:03:35.000Z</time>
      </trkpt>
      <trkpt lat="57.0152864" lon="9.9791499">
        <ele>11.2</ele>
        <time>2026-08-06T05:03:36.000Z</time>
      </trkpt>
      <trkpt lat="57.0152665" lon="9.9791556">
        <ele>11</ele>
        <time>2026-08-06T05:03:37.000Z</time>
      </trkpt>
      <trkpt lat="57.0152375" lon="9.9791512">
        <ele>11</ele>
        <time>2026-08-06T05:03:38.000Z</time>
      </trkpt>
      <trkpt lat="57.0152145" lon="9.9791458">
        <ele>10.8</ele>
        <time>2026-08-06T05:03:39.000Z</time>
      </trkpt>
      <trkpt lat="57.0151934" lon="9.9791503">
        <ele>10.8</ele>
        <time>2026-08-06T05:03:40.000Z</time>
      </trkpt>
      <trkpt lat="57.0151662" lon="9.9791488">
        <ele>11</ele>
        <time>2026-08-06T05:03:41.000Z</time>
      </trkpt>
      <trkpt lat="57.0151476" lon="9.9791489">
        <ele>11.2</ele>
        <time>2026-08-06T05:03:42.000Z</time>
      </trkpt>
      <trkpt lat="57.0151225" lon="9.9791423">
        <ele>11.4</ele>
        <time>2026-08-06T05:03:43.000Z</time>
      </trkpt>
      <trkpt lat="57.0151051" lon="9.9791368">
        <ele>11.6</ele>
        <time>2026-08-06T05:03:44.000Z</time>
      </trkpt>
      <trkpt lat="57.0150818" lon="9.979142">
        <ele>12</ele>
        <time>2026-08-06T05:03:45.000Z</time>
      </trkpt>
      <trkpt lat="57.015057" lon="9.9791331">
        <ele>12</ele>
        <time>2026-08-06T05:03:46.000Z</time>
      </trkpt>
      <trkpt lat="57.0150371" lon="9.9791285">
        <ele>12</ele>
        <time>2026-08-06T05:03:47.000Z</time>
      </trkpt>
      <trkpt lat="57.0150116" lon="9.9791228">
        <ele>12</ele>
        <time>2026-08-06T05:03:48.000Z</time>
      </trkpt>
      <trkpt lat="57.0149879" lon="9.9791234">
        <ele>12</ele>
        <time>2026-08-06T05:03:49.000Z</time>
      </trkpt>
      <trkpt lat="57.014967" lon="9.9791306">
        <ele>11.8</ele>
        <time>2026-08-06T05:03:50.000Z</time>
      </trkpt>
      <trkpt lat="57.0149405" lon="9.9791327">
        <ele>12</ele>
        <time>2026-08-06T05:03:51.000Z</time>
      </trkpt>
      <trkpt lat="57.0149232" lon="9.979132">
        <ele>12</ele>
        <time>2026-08-06T05:03:52.000Z</time>
      </trkpt>
      <trkpt lat="57.0148953" lon="9.9791224">
        <ele>12</ele>
        <time>2026-08-06T05:03:53.000Z</time>
      </trkpt>
      <trkpt lat="57.0148741" lon="9.9791219">
        <ele>12</ele>
        <time>2026-08-06T05:03:54.000Z</time>
      </trkpt>
      <trkpt lat="57.0148498" lon="9.9791318">
        <ele>12</ele>
        <time>2026-08-06T05:03:55.000Z</time>
      </trkpt>
      <trkpt lat="57.0148227" lon="9.9791323">
        <ele>12</ele>
        <time>2026-08-06T05:03:56.000Z</time>
      </trkpt>
      <trkpt lat="57.014804" lon="9.9791265">
        <ele>11.8</ele>
        <time>2026-08-06T05:03:57.000Z</time>
      </trkpt>
      <trkpt lat="57.0147779" lon="9.9791208">
        <ele>11.8</ele>
        <time>2026-08-06T05:03:58.000Z</time>
      </trkpt>
      <trkpt lat="57.0147562" lon="9.9791164">
        <ele>11.6</ele>
        <time>2026-08-06T05:03:59.000Z</time>
      </trkpt>
      <trkpt lat="57.0147341" lon="9.9791229">
        <ele>11.6</ele>
        <time>2026-08-06T05:04:00.000Z</time>
      </trkpt>
      <trkpt lat="57.0147098" lon="9.9791179">
        <ele>11.6</ele>
        <time>2026-08-06T05:04:01.000Z</time>
      </trkpt>
      <trkpt lat="57.0146887" lon="9.9791145">
        <ele>11.8</ele>
        <time>2026-08-06T05:04:02.000Z</time>
      </trkpt>
      <trkpt lat="57.0146622" lon="9.979127">
        <ele>11.8</ele>
        <time>2026-08-06T05:04:03.000Z</time>
      </trkpt>
      <trkpt lat="57.0146385" lon="9.979121">
        <ele>12</ele>
        <time>2026-08-06T05:04:04.000Z</time>
      </trkpt>
      <trkpt lat="57.0146155" lon="9.9791251">
        <ele>12.2</ele>
        <time>2026-08-06T05:04:05.000Z</time>
      </trkpt>
      <trkpt lat="57.0145905" lon="9.9791171">
        <ele>12.2</ele>
        <time>2026-08-06T05:04:06.000Z</time>
      </trkpt>
      <trkpt lat="57.0145737" lon="9.9791051">
        <ele>12.4</ele>
        <time>2026-08-06T05:04:07.000Z</time>
      </trkpt>
      <trkpt lat="57.0145437" lon="9.9791005">
        <ele>12.4</ele>
        <time>2026-08-06T05:04:08.000Z</time>
      </trkpt>
      <trkpt lat="57.0145209" lon="9.9790996">
        <ele>12.4</ele>
        <time>2026-08-06T05:04:09.000Z</time>
      </trkpt>
      <trkpt lat="57.014495" lon="9.9791199">
        <ele>12.4</ele>
        <time>2026-08-06T05:04:10.000Z</time>
      </trkpt>
      <trkpt lat="57.0144763" lon="9.979142">
        <ele>12.4</ele>
        <time>2026-08-06T05:04:11.000Z</time>
      </trkpt>
      <trkpt lat="57.0144613" lon="9.9791686">
        <ele>12.2</ele>
        <time>2026-08-06T05:04:12.000Z</time>
      </trkpt>
      <trkpt lat="57.014444" lon="9.9791938">
        <ele>12.2</ele>
        <time>2026-08-06T05:04:13.000Z</time>
      </trkpt>
      <trkpt lat="57.0144291" lon="9.9792142">
        <ele>12.2</ele>
        <time>2026-08-06T05:04:14.000Z</time>
      </trkpt>
      <trkpt lat="57.0144167" lon="9.9792453">
        <ele>12.4</ele>
        <time>2026-08-06T05:04:15.000Z</time>
      </trkpt>
      <trkpt lat="57.0143981" lon="9.9792718">
        <ele>12.4</ele>
        <time>2026-08-06T05:04:16.000Z</time>
      </trkpt>
      <trkpt lat="57.0143822" lon="9.9792956">
        <ele>12.6</ele>
        <time>2026-08-06T05:04:17.000Z</time>
      </trkpt>
      <trkpt lat="57.0143638" lon="9.9793231">
        <ele>12.6</ele>
        <time>2026-08-06T05:04:18.000Z</time>
      </trkpt>
      <trkpt lat="57.0143463" lon="9.9793497">
        <ele>12.6</ele>
        <time>2026-08-06T05:04:19.000Z</time>
      </trkpt>
      <trkpt lat="57.0143311" lon="9.9793858">
        <ele>12.6</ele>
        <time>2026-08-06T05:04:20.000Z</time>
      </trkpt>
      <trkpt lat="57.0143128" lon="9.9794269">
        <ele>12.6</ele>
        <time>2026-08-06T05:04:21.000Z</time>
      </trkpt>
      <trkpt lat="57.0142971" lon="9.9794491">
        <ele>12.8</ele>
        <time>2026-08-06T05:04:22.000Z</time>
      </trkpt>
      <trkpt lat="57.0142799" lon="9.9794777">
        <ele>12.8</ele>
        <time>2026-08-06T05:04:23.000Z</time>
      </trkpt>
      <trkpt lat="57.014259" lon="9.9795116">
        <ele>12.8</ele>
        <time>2026-08-06T05:04:24.000Z</time>
      </trkpt>
      <trkpt lat="57.014248" lon="9.9795432">
        <ele>13</ele>
        <time>2026-08-06T05:04:25.000Z</time>
      </trkpt>
      <trkpt lat="57.0142224" lon="9.9795708">
        <ele>12.8</ele>
        <time>2026-08-06T05:04:26.000Z</time>
      </trkpt>
      <trkpt lat="57.0142028" lon="9.9795822">
        <ele>12.8</ele>
        <time>2026-08-06T05:04:27.000Z</time>
      </trkpt>
      <trkpt lat="57.0141774" lon="9.9795917">
        <ele>12.8</ele>
        <time>2026-08-06T05:04:28.000Z</time>
      </trkpt>
      <trkpt lat="57.0141517" lon="9.9795942">
        <ele>12.8</ele>
        <time>2026-08-06T05:04:29.000Z</time>
      </trkpt>
      <trkpt lat="57.0141308" lon="9.9795994">
        <ele>12.8</ele>
        <time>2026-08-06T05:04:30.000Z</time>
      </trkpt>
      <trkpt lat="57.0141049" lon="9.9795936">
        <ele>12.8</ele>
        <time>2026-08-06T05:04:31.000Z</time>
      </trkpt>
      <trkpt lat="57.0140818" lon="9.9795941">
        <ele>13</ele>
        <time>2026-08-06T05:04:32.000Z</time>
      </trkpt>
      <trkpt lat="57.0140588" lon="9.9796">
        <ele>12.8</ele>
        <time>2026-08-06T05:04:33.000Z</time>
      </trkpt>
      <trkpt lat="57.0140359" lon="9.9795963">
        <ele>12.8</ele>
        <time>2026-08-06T05:04:34.000Z</time>
      </trkpt>
      <trkpt lat="57.0140153" lon="9.9795968">
        <ele>12.8</ele>
        <time>2026-08-06T05:04:35.000Z</time>
      </trkpt>
      <trkpt lat="57.0139863" lon="9.9795967">
        <ele>12.8</ele>
        <time>2026-08-06T05:04:36.000Z</time>
      </trkpt>
      <trkpt lat="57.0139656" lon="9.97958">
        <ele>12.6</ele>
        <time>2026-08-06T05:04:37.000Z</time>
      </trkpt>
      <trkpt lat="57.0139454" lon="9.9795734">
        <ele>12.6</ele>
        <time>2026-08-06T05:04:38.000Z</time>
      </trkpt>
      <trkpt lat="57.0139345" lon="9.9795355">
        <ele>12.6</ele>
        <time>2026-08-06T05:04:39.000Z</time>
      </trkpt>
      <trkpt lat="57.0139219" lon="9.9795057">
        <ele>12.6</ele>
        <time>2026-08-06T05:04:40.000Z</time>
      </trkpt>
      <trkpt lat="57.0139027" lon="9.979482">
        <ele>12.4</ele>
        <time>2026-08-06T05:04:41.000Z</time>
      </trkpt>
      <trkpt lat="57.0138799" lon="9.9794609">
        <ele>12.4</ele>
        <time>2026-08-06T05:04:42.000Z</time>
      </trkpt>
      <trkpt lat="57.0138521" lon="9.9794606">
        <ele>12.4</ele>
        <time>2026-08-06T05:04:43.000Z</time>
      </trkpt>
      <trkpt lat="57.0138275" lon="9.9794517">
        <ele>12.4</ele>
        <time>2026-08-06T05:04:44.000Z</time>
      </trkpt>
      <trkpt lat="57.0138096" lon="9.9794402">
        <ele>12.6</ele>
        <time>2026-08-06T05:04:45.000Z</time>
      </trkpt>
      <trkpt lat="57.0137854" lon="9.9794316">
        <ele>12.8</ele>
        <time>2026-08-06T05:04:46.000Z</time>
      </trkpt>
      <trkpt lat="57.013763" lon="9.9794256">
        <ele>12.8</ele>
        <time>2026-08-06T05:04:47.000Z</time>
      </trkpt>
      <trkpt lat="57.0137433" lon="9.9794317">
        <ele>13</ele>
        <time>2026-08-06T05:04:48.000Z</time>
      </trkpt>
      <trkpt lat="57.0137215" lon="9.979448">
        <ele>13</ele>
        <time>2026-08-06T05:04:49.000Z</time>
      </trkpt>
      <trkpt lat="57.0137102" lon="9.9794682">
        <ele>13.2</ele>
        <time>2026-08-06T05:04:50.000Z</time>
      </trkpt>
      <trkpt lat="57.0137029" lon="9.9795165">
        <ele>13.2</ele>
        <time>2026-08-06T05:04:51.000Z</time>
      </trkpt>
      <trkpt lat="57.0137003" lon="9.9795561">
        <ele>13.2</ele>
        <time>2026-08-06T05:04:52.000Z</time>
      </trkpt>
      <trkpt lat="57.0136994" lon="9.979604">
        <ele>13.2</ele>
        <time>2026-08-06T05:04:53.000Z</time>
      </trkpt>
      <trkpt lat="57.013697" lon="9.9796482">
        <ele>13.2</ele>
        <time>2026-08-06T05:04:54.000Z</time>
      </trkpt>
      <trkpt lat="57.0137002" lon="9.979691">
        <ele>13.2</ele>
        <time>2026-08-06T05:04:55.000Z</time>
      </trkpt>
      <trkpt lat="57.0137023" lon="9.9797403">
        <ele>13.2</ele>
        <time>2026-08-06T05:04:56.000Z</time>
      </trkpt>
      <trkpt lat="57.0137029" lon="9.9797839">
        <ele>13</ele>
        <time>2026-08-06T05:04:57.000Z</time>
      </trkpt>
      <trkpt lat="57.0137056" lon="9.9798262">
        <ele>13</ele>
        <time>2026-08-06T05:04:58.000Z</time>
      </trkpt>
      <trkpt lat="57.0137024" lon="9.9798707">
        <ele>13</ele>
        <time>2026-08-06T05:04:59.000Z</time>
      </trkpt>
      <trkpt lat="57.013704" lon="9.9799061">
        <ele>13</ele>
        <time>2026-08-06T05:05:00.000Z</time>
      </trkpt>
      <trkpt lat="57.0137026" lon="9.9799574">
        <ele>13</ele>
        <time>2026-08-06T05:05:01.000Z</time>
      </trkpt>
      <trkpt lat="57.0136993" lon="9.9799965">
        <ele>13.2</ele>
        <time>2026-08-06T05:05:02.000Z</time>
      </trkpt>
      <trkpt lat="57.0136983" lon="9.9800373">
        <ele>13.2</ele>
        <time>2026-08-06T05:05:03.000Z</time>
      </trkpt>
      <trkpt lat="57.0136948" lon="9.9800802">
        <ele>13.2</ele>
        <time>2026-08-06T05:05:04.000Z</time>
      </trkpt>
      <trkpt lat="57.0136958" lon="9.9801129">
        <ele>13.4</ele>
        <time>2026-08-06T05:05:05.000Z</time>
      </trkpt>
      <trkpt lat="57.013691" lon="9.9801578">
        <ele>13.4</ele>
        <time>2026-08-06T05:05:06.000Z</time>
      </trkpt>
      <trkpt lat="57.0136892" lon="9.9802006">
        <ele>13.2</ele>
        <time>2026-08-06T05:05:07.000Z</time>
      </trkpt>
      <trkpt lat="57.0136911" lon="9.980237">
        <ele>13.2</ele>
        <time>2026-08-06T05:05:08.000Z</time>
      </trkpt>
      <trkpt lat="57.0136859" lon="9.9802854">
        <ele>13.2</ele>
        <time>2026-08-06T05:05:09.000Z</time>
      </trkpt>
      <trkpt lat="57.0136733" lon="9.9803079">
        <ele>13.2</ele>
        <time>2026-08-06T05:05:10.000Z</time>
      </trkpt>
      <trkpt lat="57.0136584" lon="9.9802937">
        <ele>13</ele>
        <time>2026-08-06T05:05:11.000Z</time>
      </trkpt>
      <trkpt lat="57.013638" lon="9.9802751">
        <ele>13</ele>
        <time>2026-08-06T05:05:12.000Z</time>
      </trkpt>
      <trkpt lat="57.0136112" lon="9.9802656">
        <ele>12.8</ele>
        <time>2026-08-06T05:05:13.000Z</time>
      </trkpt>
      <trkpt lat="57.0135825" lon="9.980251">
        <ele>12.8</ele>
        <time>2026-08-06T05:05:14.000Z</time>
      </trkpt>
      <trkpt lat="57.0135558" lon="9.9802494">
        <ele>12.8</ele>
        <time>2026-08-06T05:05:15.000Z</time>
      </trkpt>
      <trkpt lat="57.0135247" lon="9.9802401">
        <ele>13</ele>
        <time>2026-08-06T05:05:16.000Z</time>
      </trkpt>
      <trkpt lat="57.0135036" lon="9.980234">
        <ele>13</ele>
        <time>2026-08-06T05:05:17.000Z</time>
      </trkpt>
      <trkpt lat="57.0134783" lon="9.9802353">
        <ele>13.2</ele>
        <time>2026-08-06T05:05:18.000Z</time>
      </trkpt>
      <trkpt lat="57.0134561" lon="9.9802326">
        <ele>13.4</ele>
        <time>2026-08-06T05:05:19.000Z</time>
      </trkpt>
      <trkpt lat="57.0134344" lon="9.9802364">
        <ele>13.4</ele>
        <time>2026-08-06T05:05:20.000Z</time>
      </trkpt>
      <trkpt lat="57.0134133" lon="9.980235">
        <ele>13.4</ele>
        <time>2026-08-06T05:05:21.000Z</time>
      </trkpt>
      <trkpt lat="57.0133917" lon="9.9802328">
        <ele>13.4</ele>
        <time>2026-08-06T05:05:22.000Z</time>
      </trkpt>
      <trkpt lat="57.0133708" lon="9.9802334">
        <ele>13.4</ele>
        <time>2026-08-06T05:05:23.000Z</time>
      </trkpt>
      <trkpt lat="57.0133502" lon="9.9802305">
        <ele>13.4</ele>
        <time>2026-08-06T05:05:24.000Z</time>
      </trkpt>
      <trkpt lat="57.0133284" lon="9.9802357">
        <ele>13.4</ele>
        <time>2026-08-06T05:05:25.000Z</time>
      </trkpt>
      <trkpt lat="57.0133088" lon="9.9802334">
        <ele>13.4</ele>
        <time>2026-08-06T05:05:26.000Z</time>
      </trkpt>
      <trkpt lat="57.0132879" lon="9.9802371">
        <ele>13.4</ele>
        <time>2026-08-06T05:05:27.000Z</time>
      </trkpt>
      <trkpt lat="57.0132611" lon="9.9802414">
        <ele>13.4</ele>
        <time>2026-08-06T05:05:28.000Z</time>
      </trkpt>
      <trkpt lat="57.0132365" lon="9.9802362">
        <ele>13.4</ele>
        <time>2026-08-06T05:05:29.000Z</time>
      </trkpt>
      <trkpt lat="57.0132134" lon="9.9802395">
        <ele>13.4</ele>
        <time>2026-08-06T05:05:30.000Z</time>
      </trkpt>
      <trkpt lat="57.013187" lon="9.9802401">
        <ele>13.4</ele>
        <time>2026-08-06T05:05:31.000Z</time>
      </trkpt>
      <trkpt lat="57.0131672" lon="9.9802347">
        <ele>13.4</ele>
        <time>2026-08-06T05:05:32.000Z</time>
      </trkpt>
      <trkpt lat="57.0131451" lon="9.980237">
        <ele>13.4</ele>
        <time>2026-08-06T05:05:33.000Z</time>
      </trkpt>
      <trkpt lat="57.0131213" lon="9.9802321">
        <ele>13.4</ele>
        <time>2026-08-06T05:05:34.000Z</time>
      </trkpt>
      <trkpt lat="57.0130984" lon="9.9802314">
        <ele>13.4</ele>
        <time>2026-08-06T05:05:35.000Z</time>
      </trkpt>
      <trkpt lat="57.0130746" lon="9.9802255">
        <ele>13.4</ele>
        <time>2026-08-06T05:05:36.000Z</time>
      </trkpt>
      <trkpt lat="57.0130507" lon="9.9802256">
        <ele>13.4</ele>
        <time>2026-08-06T05:05:37.000Z</time>
      </trkpt>
      <trkpt lat="57.013031" lon="9.9802238">
        <ele>13.4</ele>
        <time>2026-08-06T05:05:38.000Z</time>
      </trkpt>
      <trkpt lat="57.0130062" lon="9.9802228">
        <ele>13.4</ele>
        <time>2026-08-06T05:05:39.000Z</time>
      </trkpt>
      <trkpt lat="57.0129855" lon="9.9802187">
        <ele>13.4</ele>
        <time>2026-08-06T05:05:40.000Z</time>
      </trkpt>
      <trkpt lat="57.0129612" lon="9.9802198">
        <ele>13.6</ele>
        <time>2026-08-06T05:05:41.000Z</time>
      </trkpt>
      <trkpt lat="57.0129375" lon="9.9802177">
        <ele>13.6</ele>
        <time>2026-08-06T05:05:42.000Z</time>
      </trkpt>
      <trkpt lat="57.0129172" lon="9.9802262">
        <ele>13.6</ele>
        <time>2026-08-06T05:05:43.000Z</time>
      </trkpt>
      <trkpt lat="57.0128942" lon="9.980224">
        <ele>13.6</ele>
        <time>2026-08-06T05:05:44.000Z</time>
      </trkpt>
      <trkpt lat="57.0128727" lon="9.9802195">
        <ele>13.6</ele>
        <time>2026-08-06T05:05:45.000Z</time>
      </trkpt>
      <trkpt lat="57.012849" lon="9.9802241">
        <ele>13.6</ele>
        <time>2026-08-06T05:05:46.000Z</time>
      </trkpt>
      <trkpt lat="57.0128255" lon="9.980222">
        <ele>13.6</ele>
        <time>2026-08-06T05:05:47.000Z</time>
      </trkpt>
      <trkpt lat="57.012804" lon="9.9802293">
        <ele>13.4</ele>
        <time>2026-08-06T05:05:48.000Z</time>
      </trkpt>
      <trkpt lat="57.0127775" lon="9.9802288">
        <ele>13.4</ele>
        <time>2026-08-06T05:05:49.000Z</time>
      </trkpt>
      <trkpt lat="57.012756" lon="9.9802246">
        <ele>13.4</ele>
        <time>2026-08-06T05:05:50.000Z</time>
      </trkpt>
      <trkpt lat="57.0127306" lon="9.9802186">
        <ele>13.4</ele>
        <time>2026-08-06T05:05:51.000Z</time>
      </trkpt>
      <trkpt lat="57.0127073" lon="9.980215">
        <ele>13.6</ele>
        <time>2026-08-06T05:05:52.000Z</time>
      </trkpt>
      <trkpt lat="57.0126842" lon="9.9802168">
        <ele>13.6</ele>
        <time>2026-08-06T05:05:53.000Z</time>
      </trkpt>
      <trkpt lat="57.012658" lon="9.9802191">
        <ele>13.4</ele>
        <time>2026-08-06T05:05:54.000Z</time>
      </trkpt>
      <trkpt lat="57.0126451" lon="9.9802116">
        <ele>13.4</ele>
        <time>2026-08-06T05:05:55.000Z</time>
      </trkpt>
      <trkpt lat="57.0126208" lon="9.9802117">
        <ele>13.4</ele>
        <time>2026-08-06T05:05:56.000Z</time>
      </trkpt>
      <trkpt lat="57.0126007" lon="9.9802058">
        <ele>13.4</ele>
        <time>2026-08-06T05:05:57.000Z</time>
      </trkpt>
      <trkpt lat="57.0125825" lon="9.9802085">
        <ele>13.4</ele>
        <time>2026-08-06T05:05:58.000Z</time>
      </trkpt>
      <trkpt lat="57.0125588" lon="9.9802048">
        <ele>13.4</ele>
        <time>2026-08-06T05:05:59.000Z</time>
      </trkpt>
      <trkpt lat="57.0125426" lon="9.9801967">
        <ele>13.4</ele>
        <time>2026-08-06T05:06:00.000Z</time>
      </trkpt>
      <trkpt lat="57.012518" lon="9.9802015">
        <ele>13.4</ele>
        <time>2026-08-06T05:06:01.000Z</time>
      </trkpt>
      <trkpt lat="57.0124918" lon="9.9801996">
        <ele>13.4</ele>
        <time>2026-08-06T05:06:02.000Z</time>
      </trkpt>
      <trkpt lat="57.0124755" lon="9.9801941">
        <ele>13.4</ele>
        <time>2026-08-06T05:06:03.000Z</time>
      </trkpt>
      <trkpt lat="57.0124557" lon="9.9801926">
        <ele>13.4</ele>
        <time>2026-08-06T05:06:04.000Z</time>
      </trkpt>
      <trkpt lat="57.0124404" lon="9.9801964">
        <ele>13.6</ele>
        <time>2026-08-06T05:06:05.000Z</time>
      </trkpt>
      <trkpt lat="57.0124266" lon="9.9802043">
        <ele>13.6</ele>
        <time>2026-08-06T05:06:06.000Z</time>
      </trkpt>
      <trkpt lat="57.0124035" lon="9.9802111">
        <ele>13.4</ele>
        <time>2026-08-06T05:06:07.000Z</time>
      </trkpt>
      <trkpt lat="57.0123791" lon="9.9802187">
        <ele>13.6</ele>
        <time>2026-08-06T05:06:08.000Z</time>
      </trkpt>
      <trkpt lat="57.0123567" lon="9.9802345">
        <ele>13.4</ele>
        <time>2026-08-06T05:06:09.000Z</time>
      </trkpt>
      <trkpt lat="57.0123236" lon="9.9802456">
        <ele>13.4</ele>
        <time>2026-08-06T05:06:10.000Z</time>
      </trkpt>
      <trkpt lat="57.0123013" lon="9.9802542">
        <ele>13.2</ele>
        <time>2026-08-06T05:06:11.000Z</time>
      </trkpt>
      <trkpt lat="57.0122705" lon="9.9802526">
        <ele>13.2</ele>
        <time>2026-08-06T05:06:12.000Z</time>
      </trkpt>
      <trkpt lat="57.0122505" lon="9.980256">
        <ele>13</ele>
        <time>2026-08-06T05:06:13.000Z</time>
      </trkpt>
      <trkpt lat="57.012224" lon="9.9802571">
        <ele>13</ele>
        <time>2026-08-06T05:06:14.000Z</time>
      </trkpt>
      <trkpt lat="57.0122001" lon="9.9802561">
        <ele>13</ele>
        <time>2026-08-06T05:06:15.000Z</time>
      </trkpt>
      <trkpt lat="57.0121785" lon="9.9802532">
        <ele>12.8</ele>
        <time>2026-08-06T05:06:16.000Z</time>
      </trkpt>
      <trkpt lat="57.0121491" lon="9.9802437">
        <ele>12.8</ele>
        <time>2026-08-06T05:06:17.000Z</time>
      </trkpt>
      <trkpt lat="57.012124" lon="9.980242">
        <ele>13</ele>
        <time>2026-08-06T05:06:18.000Z</time>
      </trkpt>
      <trkpt lat="57.0120947" lon="9.980237">
        <ele>13</ele>
        <time>2026-08-06T05:06:19.000Z</time>
      </trkpt>
      <trkpt lat="57.0120736" lon="9.9802381">
        <ele>13</ele>
        <time>2026-08-06T05:06:20.000Z</time>
      </trkpt>
      <trkpt lat="57.0120492" lon="9.9802459">
        <ele>13</ele>
        <time>2026-08-06T05:06:21.000Z</time>
      </trkpt>
      <trkpt lat="57.0120206" lon="9.9802478">
        <ele>13</ele>
        <time>2026-08-06T05:06:22.000Z</time>
      </trkpt>
      <trkpt lat="57.011995" lon="9.9802546">
        <ele>13</ele>
        <time>2026-08-06T05:06:23.000Z</time>
      </trkpt>
      <trkpt lat="57.0119659" lon="9.9802588">
        <ele>12.8</ele>
        <time>2026-08-06T05:06:24.000Z</time>
      </trkpt>
      <trkpt lat="57.0119454" lon="9.9802616">
        <ele>12.6</ele>
        <time>2026-08-06T05:06:25.000Z</time>
      </trkpt>
      <trkpt lat="57.0119217" lon="9.9802717">
        <ele>12.4</ele>
        <time>2026-08-06T05:06:26.000Z</time>
      </trkpt>
      <trkpt lat="57.0118976" lon="9.9802746">
        <ele>12.4</ele>
        <time>2026-08-06T05:06:27.000Z</time>
      </trkpt>
      <trkpt lat="57.0118782" lon="9.9802902">
        <ele>12.4</ele>
        <time>2026-08-06T05:06:28.000Z</time>
      </trkpt>
      <trkpt lat="57.0118541" lon="9.9802993">
        <ele>12.4</ele>
        <time>2026-08-06T05:06:29.000Z</time>
      </trkpt>
      <trkpt lat="57.011833" lon="9.9803089">
        <ele>12.6</ele>
        <time>2026-08-06T05:06:30.000Z</time>
      </trkpt>
      <trkpt lat="57.0118102" lon="9.9803272">
        <ele>12.8</ele>
        <time>2026-08-06T05:06:31.000Z</time>
      </trkpt>
      <trkpt lat="57.0117857" lon="9.9803397">
        <ele>12.8</ele>
        <time>2026-08-06T05:06:32.000Z</time>
      </trkpt>
      <trkpt lat="57.0117677" lon="9.9803518">
        <ele>12.6</ele>
        <time>2026-08-06T05:06:33.000Z</time>
      </trkpt>
      <trkpt lat="57.0117451" lon="9.9803697">
        <ele>12.6</ele>
        <time>2026-08-06T05:06:34.000Z</time>
      </trkpt>
      <trkpt lat="57.0117236" lon="9.9803798">
        <ele>12.4</ele>
        <time>2026-08-06T05:06:35.000Z</time>
      </trkpt>
      <trkpt lat="57.0117044" lon="9.980398">
        <ele>12.2</ele>
        <time>2026-08-06T05:06:36.000Z</time>
      </trkpt>
      <trkpt lat="57.0116788" lon="9.98041">
        <ele>12.2</ele>
        <time>2026-08-06T05:06:37.000Z</time>
      </trkpt>
      <trkpt lat="57.0116638" lon="9.9804248">
        <ele>12</ele>
        <time>2026-08-06T05:06:38.000Z</time>
      </trkpt>
      <trkpt lat="57.0116427" lon="9.9804437">
        <ele>11.8</ele>
        <time>2026-08-06T05:06:39.000Z</time>
      </trkpt>
      <trkpt lat="57.0116217" lon="9.9804586">
        <ele>11.8</ele>
        <time>2026-08-06T05:06:40.000Z</time>
      </trkpt>
      <trkpt lat="57.0116036" lon="9.9804785">
        <ele>12</ele>
        <time>2026-08-06T05:06:41.000Z</time>
      </trkpt>
      <trkpt lat="57.0115805" lon="9.9804934">
        <ele>12.2</ele>
        <time>2026-08-06T05:06:42.000Z</time>
      </trkpt>
      <trkpt lat="57.0115655" lon="9.9805046">
        <ele>12.2</ele>
        <time>2026-08-06T05:06:43.000Z</time>
      </trkpt>
      <trkpt lat="57.0115469" lon="9.9805267">
        <ele>12.2</ele>
        <time>2026-08-06T05:06:44.000Z</time>
      </trkpt>
      <trkpt lat="57.0115245" lon="9.9805443">
        <ele>12.2</ele>
        <time>2026-08-06T05:06:45.000Z</time>
      </trkpt>
      <trkpt lat="57.0115084" lon="9.9805624">
        <ele>12</ele>
        <time>2026-08-06T05:06:46.000Z</time>
      </trkpt>
      <trkpt lat="57.0114827" lon="9.980576">
        <ele>12</ele>
        <time>2026-08-06T05:06:47.000Z</time>
      </trkpt>
      <trkpt lat="57.0114615" lon="9.980595">
        <ele>12</ele>
        <time>2026-08-06T05:06:48.000Z</time>
      </trkpt>
      <trkpt lat="57.0114424" lon="9.9806172">
        <ele>12</ele>
        <time>2026-08-06T05:06:49.000Z</time>
      </trkpt>
      <trkpt lat="57.0114171" lon="9.9806375">
        <ele>12.2</ele>
        <time>2026-08-06T05:06:50.000Z</time>
      </trkpt>
      <trkpt lat="57.0113993" lon="9.9806564">
        <ele>12</ele>
        <time>2026-08-06T05:06:51.000Z</time>
      </trkpt>
      <trkpt lat="57.0113761" lon="9.9806866">
        <ele>12</ele>
        <time>2026-08-06T05:06:52.000Z</time>
      </trkpt>
      <trkpt lat="57.0113548" lon="9.980707">
        <ele>11.8</ele>
        <time>2026-08-06T05:06:53.000Z</time>
      </trkpt>
      <trkpt lat="57.0113347" lon="9.980731">
        <ele>11.6</ele>
        <time>2026-08-06T05:06:54.000Z</time>
      </trkpt>
      <trkpt lat="57.01131" lon="9.9807494">
        <ele>11.6</ele>
        <time>2026-08-06T05:06:55.000Z</time>
      </trkpt>
      <trkpt lat="57.0112914" lon="9.9807672">
        <ele>11.4</ele>
        <time>2026-08-06T05:06:56.000Z</time>
      </trkpt>
      <trkpt lat="57.0112666" lon="9.9807846">
        <ele>11.6</ele>
        <time>2026-08-06T05:06:57.000Z</time>
      </trkpt>
      <trkpt lat="57.0112438" lon="9.9808016">
        <ele>11.8</ele>
        <time>2026-08-06T05:06:58.000Z</time>
      </trkpt>
      <trkpt lat="57.0112241" lon="9.9808268">
        <ele>11.8</ele>
        <time>2026-08-06T05:06:59.000Z</time>
      </trkpt>
      <trkpt lat="57.0111988" lon="9.980844">
        <ele>11.8</ele>
        <time>2026-08-06T05:07:00.000Z</time>
      </trkpt>
      <trkpt lat="57.0111804" lon="9.9808582">
        <ele>12</ele>
        <time>2026-08-06T05:07:01.000Z</time>
      </trkpt>
      <trkpt lat="57.0111583" lon="9.9808748">
        <ele>12.2</ele>
        <time>2026-08-06T05:07:02.000Z</time>
      </trkpt>
      <trkpt lat="57.0111347" lon="9.9808894">
        <ele>12</ele>
        <time>2026-08-06T05:07:03.000Z</time>
      </trkpt>
      <trkpt lat="57.011117" lon="9.980911">
        <ele>11.8</ele>
        <time>2026-08-06T05:07:04.000Z</time>
      </trkpt>
      <trkpt lat="57.0110911" lon="9.9809354">
        <ele>11.6</ele>
        <time>2026-08-06T05:07:05.000Z</time>
      </trkpt>
      <trkpt lat="57.0110702" lon="9.9809512">
        <ele>11.4</ele>
        <time>2026-08-06T05:07:06.000Z</time>
      </trkpt>
      <trkpt lat="57.0110502" lon="9.9809733">
        <ele>11.4</ele>
        <time>2026-08-06T05:07:07.000Z</time>
      </trkpt>
      <trkpt lat="57.0110248" lon="9.9809952">
        <ele>11.4</ele>
        <time>2026-08-06T05:07:08.000Z</time>
      </trkpt>
      <trkpt lat="57.0110079" lon="9.9810101">
        <ele>11.4</ele>
        <time>2026-08-06T05:07:09.000Z</time>
      </trkpt>
      <trkpt lat="57.0109849" lon="9.9810229">
        <ele>11.2</ele>
        <time>2026-08-06T05:07:10.000Z</time>
      </trkpt>
      <trkpt lat="57.0109655" lon="9.9810355">
        <ele>11.2</ele>
        <time>2026-08-06T05:07:11.000Z</time>
      </trkpt>
      <trkpt lat="57.0109501" lon="9.9810574">
        <ele>11</ele>
        <time>2026-08-06T05:07:12.000Z</time>
      </trkpt>
      <trkpt lat="57.0109248" lon="9.981079">
        <ele>11</ele>
        <time>2026-08-06T05:07:13.000Z</time>
      </trkpt>
      <trkpt lat="57.0109026" lon="9.9810988">
        <ele>11</ele>
        <time>2026-08-06T05:07:14.000Z</time>
      </trkpt>
      <trkpt lat="57.0108803" lon="9.9811167">
        <ele>10.8</ele>
        <time>2026-08-06T05:07:15.000Z</time>
      </trkpt>
      <trkpt lat="57.010858" lon="9.9811328">
        <ele>10.8</ele>
        <time>2026-08-06T05:07:16.000Z</time>
      </trkpt>
      <trkpt lat="57.0108396" lon="9.9811552">
        <ele>11</ele>
        <time>2026-08-06T05:07:17.000Z</time>
      </trkpt>
      <trkpt lat="57.0108167" lon="9.9811731">
        <ele>11</ele>
        <time>2026-08-06T05:07:18.000Z</time>
      </trkpt>
      <trkpt lat="57.0107969" lon="9.9811897">
        <ele>11</ele>
        <time>2026-08-06T05:07:19.000Z</time>
      </trkpt>
      <trkpt lat="57.0107769" lon="9.9812123">
        <ele>11</ele>
        <time>2026-08-06T05:07:20.000Z</time>
      </trkpt>
      <trkpt lat="57.0107554" lon="9.9812332">
        <ele>11</ele>
        <time>2026-08-06T05:07:21.000Z</time>
      </trkpt>
      <trkpt lat="57.0107383" lon="9.981257">
        <ele>11.2</ele>
        <time>2026-08-06T05:07:22.000Z</time>
      </trkpt>
      <trkpt lat="57.0107111" lon="9.9812766">
        <ele>11.2</ele>
        <time>2026-08-06T05:07:23.000Z</time>
      </trkpt>
      <trkpt lat="57.0106888" lon="9.9812888">
        <ele>11.4</ele>
        <time>2026-08-06T05:07:24.000Z</time>
      </trkpt>
      <trkpt lat="57.0106673" lon="9.9813091">
        <ele>11.4</ele>
        <time>2026-08-06T05:07:25.000Z</time>
      </trkpt>
      <trkpt lat="57.0106397" lon="9.9813223">
        <ele>11.2</ele>
        <time>2026-08-06T05:07:26.000Z</time>
      </trkpt>
      <trkpt lat="57.0106172" lon="9.9813341">
        <ele>11</ele>
        <time>2026-08-06T05:07:27.000Z</time>
      </trkpt>
      <trkpt lat="57.0105937" lon="9.9813475">
        <ele>11</ele>
        <time>2026-08-06T05:07:28.000Z</time>
      </trkpt>
      <trkpt lat="57.0105703" lon="9.9813701">
        <ele>11.2</ele>
        <time>2026-08-06T05:07:29.000Z</time>
      </trkpt>
      <trkpt lat="57.0105447" lon="9.9813937">
        <ele>11.4</ele>
        <time>2026-08-06T05:07:30.000Z</time>
      </trkpt>
      <trkpt lat="57.0105239" lon="9.9814129">
        <ele>11.6</ele>
        <time>2026-08-06T05:07:31.000Z</time>
      </trkpt>
      <trkpt lat="57.010505" lon="9.9814352">
        <ele>11.6</ele>
        <time>2026-08-06T05:07:32.000Z</time>
      </trkpt>
      <trkpt lat="57.0104809" lon="9.9814534">
        <ele>11.4</ele>
        <time>2026-08-06T05:07:33.000Z</time>
      </trkpt>
      <trkpt lat="57.0104644" lon="9.981472">
        <ele>11.4</ele>
        <time>2026-08-06T05:07:34.000Z</time>
      </trkpt>
      <trkpt lat="57.0104405" lon="9.9814938">
        <ele>11.2</ele>
        <time>2026-08-06T05:07:35.000Z</time>
      </trkpt>
      <trkpt lat="57.0104205" lon="9.9815121">
        <ele>11.2</ele>
        <time>2026-08-06T05:07:36.000Z</time>
      </trkpt>
      <trkpt lat="57.0104021" lon="9.9815386">
        <ele>11</ele>
        <time>2026-08-06T05:07:37.000Z</time>
      </trkpt>
      <trkpt lat="57.0103802" lon="9.9815571">
        <ele>11</ele>
        <time>2026-08-06T05:07:38.000Z</time>
      </trkpt>
      <trkpt lat="57.0103606" lon="9.9815785">
        <ele>11.2</ele>
        <time>2026-08-06T05:07:39.000Z</time>
      </trkpt>
      <trkpt lat="57.0103321" lon="9.9815869">
        <ele>11.2</ele>
        <time>2026-08-06T05:07:40.000Z</time>
      </trkpt>
      <trkpt lat="57.0103089" lon="9.9815712">
        <ele>11</ele>
        <time>2026-08-06T05:07:41.000Z</time>
      </trkpt>
      <trkpt lat="57.0102843" lon="9.9815531">
        <ele>11</ele>
        <time>2026-08-06T05:07:42.000Z</time>
      </trkpt>
      <trkpt lat="57.0102665" lon="9.9815199">
        <ele>11</ele>
        <time>2026-08-06T05:07:43.000Z</time>
      </trkpt>
      <trkpt lat="57.0102457" lon="9.9814957">
        <ele>11</ele>
        <time>2026-08-06T05:07:44.000Z</time>
      </trkpt>
      <trkpt lat="57.0102258" lon="9.9814591">
        <ele>11</ele>
        <time>2026-08-06T05:07:45.000Z</time>
      </trkpt>
      <trkpt lat="57.0102094" lon="9.981436">
        <ele>11</ele>
        <time>2026-08-06T05:07:46.000Z</time>
      </trkpt>
      <trkpt lat="57.0101814" lon="9.9814">
        <ele>11</ele>
        <time>2026-08-06T05:07:47.000Z</time>
      </trkpt>
      <trkpt lat="57.0101717" lon="9.9813585">
        <ele>11.2</ele>
        <time>2026-08-06T05:07:48.000Z</time>
      </trkpt>
      <trkpt lat="57.0101591" lon="9.9813199">
        <ele>11.2</ele>
        <time>2026-08-06T05:07:49.000Z</time>
      </trkpt>
      <trkpt lat="57.0101484" lon="9.9812731">
        <ele>11.4</ele>
        <time>2026-08-06T05:07:50.000Z</time>
      </trkpt>
      <trkpt lat="57.0101368" lon="9.9812389">
        <ele>11.6</ele>
        <time>2026-08-06T05:07:51.000Z</time>
      </trkpt>
      <trkpt lat="57.0101308" lon="9.981189">
        <ele>11.6</ele>
        <time>2026-08-06T05:07:52.000Z</time>
      </trkpt>
      <trkpt lat="57.0101238" lon="9.9811489">
        <ele>11.6</ele>
        <time>2026-08-06T05:07:53.000Z</time>
      </trkpt>
      <trkpt lat="57.0101144" lon="9.98111">
        <ele>11.6</ele>
        <time>2026-08-06T05:07:54.000Z</time>
      </trkpt>
      <trkpt lat="57.0101079" lon="9.9810651">
        <ele>11.6</ele>
        <time>2026-08-06T05:07:55.000Z</time>
      </trkpt>
      <trkpt lat="57.0100981" lon="9.9810252">
        <ele>11.4</ele>
        <time>2026-08-06T05:07:56.000Z</time>
      </trkpt>
      <trkpt lat="57.0100822" lon="9.9809955">
        <ele>11.4</ele>
        <time>2026-08-06T05:07:57.000Z</time>
      </trkpt>
      <trkpt lat="57.0100581" lon="9.9810069">
        <ele>11.2</ele>
        <time>2026-08-06T05:07:58.000Z</time>
      </trkpt>
      <trkpt lat="57.0100401" lon="9.9810333">
        <ele>11.2</ele>
        <time>2026-08-06T05:07:59.000Z</time>
      </trkpt>
      <trkpt lat="57.0100212" lon="9.9810622">
        <ele>11</ele>
        <time>2026-08-06T05:08:00.000Z</time>
      </trkpt>
      <trkpt lat="57.010002" lon="9.9810905">
        <ele>11</ele>
        <time>2026-08-06T05:08:01.000Z</time>
      </trkpt>
      <trkpt lat="57.0099754" lon="9.9811253">
        <ele>11</ele>
        <time>2026-08-06T05:08:02.000Z</time>
      </trkpt>
      <trkpt lat="57.0099559" lon="9.9811486">
        <ele>10.8</ele>
        <time>2026-08-06T05:08:03.000Z</time>
      </trkpt>
      <trkpt lat="57.0099425" lon="9.9811813">
        <ele>10.8</ele>
        <time>2026-08-06T05:08:04.000Z</time>
      </trkpt>
      <trkpt lat="57.0099219" lon="9.9812239">
        <ele>10.6</ele>
        <time>2026-08-06T05:08:05.000Z</time>
      </trkpt>
      <trkpt lat="57.0099036" lon="9.9812557">
        <ele>10.6</ele>
        <time>2026-08-06T05:08:06.000Z</time>
      </trkpt>
      <trkpt lat="57.0098826" lon="9.9812811">
        <ele>10.4</ele>
        <time>2026-08-06T05:08:07.000Z</time>
      </trkpt>
      <trkpt lat="57.0098641" lon="9.9813096">
        <ele>10.4</ele>
        <time>2026-08-06T05:08:08.000Z</time>
      </trkpt>
      <trkpt lat="57.00985" lon="9.9813463">
        <ele>10.4</ele>
        <time>2026-08-06T05:08:09.000Z</time>
      </trkpt>
      <trkpt lat="57.0098287" lon="9.9813803">
        <ele>10.4</ele>
        <time>2026-08-06T05:08:10.000Z</time>
      </trkpt>
      <trkpt lat="57.0098142" lon="9.9814084">
        <ele>10.4</ele>
        <time>2026-08-06T05:08:11.000Z</time>
      </trkpt>
      <trkpt lat="57.0097919" lon="9.9814403">
        <ele>10.2</ele>
        <time>2026-08-06T05:08:12.000Z</time>
      </trkpt>
      <trkpt lat="57.0097771" lon="9.9814594">
        <ele>10.2</ele>
        <time>2026-08-06T05:08:13.000Z</time>
      </trkpt>
      <trkpt lat="57.0097615" lon="9.9814902">
        <ele>10.2</ele>
        <time>2026-08-06T05:08:14.000Z</time>
      </trkpt>
      <trkpt lat="57.0097427" lon="9.9815112">
        <ele>10.2</ele>
        <time>2026-08-06T05:08:15.000Z</time>
      </trkpt>
      <trkpt lat="57.0097272" lon="9.9815311">
        <ele>10.2</ele>
        <time>2026-08-06T05:08:16.000Z</time>
      </trkpt>
      <trkpt lat="57.0097116" lon="9.9815528">
        <ele>10.4</ele>
        <time>2026-08-06T05:08:17.000Z</time>
      </trkpt>
      <trkpt lat="57.0096904" lon="9.9815765">
        <ele>10.4</ele>
        <time>2026-08-06T05:08:18.000Z</time>
      </trkpt>
      <trkpt lat="57.0096727" lon="9.9815905">
        <ele>10.2</ele>
        <time>2026-08-06T05:08:19.000Z</time>
      </trkpt>
      <trkpt lat="57.0096496" lon="9.9815881">
        <ele>10.2</ele>
        <time>2026-08-06T05:08:20.000Z</time>
      </trkpt>
      <trkpt lat="57.0096251" lon="9.9815875">
        <ele>10.2</ele>
        <time>2026-08-06T05:08:21.000Z</time>
      </trkpt>
      <trkpt lat="57.009602" lon="9.9815811">
        <ele>10.2</ele>
        <time>2026-08-06T05:08:22.000Z</time>
      </trkpt>
      <trkpt lat="57.0095794" lon="9.9815645">
        <ele>10</ele>
        <time>2026-08-06T05:08:23.000Z</time>
      </trkpt>
      <trkpt lat="57.009561" lon="9.9815518">
        <ele>10</ele>
        <time>2026-08-06T05:08:24.000Z</time>
      </trkpt>
      <trkpt lat="57.00954" lon="9.9815332">
        <ele>10</ele>
        <time>2026-08-06T05:08:25.000Z</time>
      </trkpt>
      <trkpt lat="57.0095174" lon="9.9815186">
        <ele>10</ele>
        <time>2026-08-06T05:08:26.000Z</time>
      </trkpt>
      <trkpt lat="57.0094954" lon="9.9815139">
        <ele>10</ele>
        <time>2026-08-06T05:08:27.000Z</time>
      </trkpt>
      <trkpt lat="57.0094666" lon="9.981493">
        <ele>10</ele>
        <time>2026-08-06T05:08:28.000Z</time>
      </trkpt>
      <trkpt lat="57.0094471" lon="9.9814766">
        <ele>10.2</ele>
        <time>2026-08-06T05:08:29.000Z</time>
      </trkpt>
      <trkpt lat="57.0094243" lon="9.9814653">
        <ele>10.2</ele>
        <time>2026-08-06T05:08:30.000Z</time>
      </trkpt>
      <trkpt lat="57.0094004" lon="9.9814493">
        <ele>10.2</ele>
        <time>2026-08-06T05:08:31.000Z</time>
      </trkpt>
      <trkpt lat="57.0093789" lon="9.9814354">
        <ele>10.2</ele>
        <time>2026-08-06T05:08:32.000Z</time>
      </trkpt>
      <trkpt lat="57.0093537" lon="9.9814124">
        <ele>10</ele>
        <time>2026-08-06T05:08:33.000Z</time>
      </trkpt>
      <trkpt lat="57.0093327" lon="9.9813925">
        <ele>10</ele>
        <time>2026-08-06T05:08:34.000Z</time>
      </trkpt>
      <trkpt lat="57.0093143" lon="9.9813839">
        <ele>10</ele>
        <time>2026-08-06T05:08:35.000Z</time>
      </trkpt>
      <trkpt lat="57.0092926" lon="9.9813568">
        <ele>10</ele>
        <time>2026-08-06T05:08:36.000Z</time>
      </trkpt>
      <trkpt lat="57.0092714" lon="9.9813422">
        <ele>9.8</ele>
        <time>2026-08-06T05:08:37.000Z</time>
      </trkpt>
      <trkpt lat="57.0092494" lon="9.9813317">
        <ele>9.8</ele>
        <time>2026-08-06T05:08:38.000Z</time>
      </trkpt>
      <trkpt lat="57.0092313" lon="9.9813022">
        <ele>9.8</ele>
        <time>2026-08-06T05:08:39.000Z</time>
      </trkpt>
      <trkpt lat="57.0092148" lon="9.9812762">
        <ele>9.8</ele>
        <time>2026-08-06T05:08:40.000Z</time>
      </trkpt>
      <trkpt lat="57.0091916" lon="9.9812305">
        <ele>9.8</ele>
        <time>2026-08-06T05:08:41.000Z</time>
      </trkpt>
      <trkpt lat="57.0091698" lon="9.9812091">
        <ele>9.6</ele>
        <time>2026-08-06T05:08:42.000Z</time>
      </trkpt>
      <trkpt lat="57.0091398" lon="9.9811913">
        <ele>9.6</ele>
        <time>2026-08-06T05:08:43.000Z</time>
      </trkpt>
      <trkpt lat="57.0091178" lon="9.9811756">
        <ele>9.6</ele>
        <time>2026-08-06T05:08:44.000Z</time>
      </trkpt>
      <trkpt lat="57.0090944" lon="9.9811715">
        <ele>9.4</ele>
        <time>2026-08-06T05:08:45.000Z</time>
      </trkpt>
      <trkpt lat="57.0090646" lon="9.9811591">
        <ele>9.4</ele>
        <time>2026-08-06T05:08:46.000Z</time>
      </trkpt>
      <trkpt lat="57.0090444" lon="9.9811488">
        <ele>9.4</ele>
        <time>2026-08-06T05:08:47.000Z</time>
      </trkpt>
      <trkpt lat="57.0090208" lon="9.9811571">
        <ele>9.4</ele>
        <time>2026-08-06T05:08:48.000Z</time>
      </trkpt>
      <trkpt lat="57.0089975" lon="9.9811455">
        <ele>9.4</ele>
        <time>2026-08-06T05:08:49.000Z</time>
      </trkpt>
      <trkpt lat="57.0089769" lon="9.981131">
        <ele>9.6</ele>
        <time>2026-08-06T05:08:50.000Z</time>
      </trkpt>
      <trkpt lat="57.0089664" lon="9.9810915">
        <ele>9.6</ele>
        <time>2026-08-06T05:08:51.000Z</time>
      </trkpt>
      <trkpt lat="57.0089652" lon="9.9810526">
        <ele>9.8</ele>
        <time>2026-08-06T05:08:52.000Z</time>
      </trkpt>
      <trkpt lat="57.008979" lon="9.9810208">
        <ele>9.8</ele>
        <time>2026-08-06T05:08:53.000Z</time>
      </trkpt>
      <trkpt lat="57.0090014" lon="9.980979">
        <ele>9.6</ele>
        <time>2026-08-06T05:08:54.000Z</time>
      </trkpt>
      <trkpt lat="57.0090171" lon="9.980953">
        <ele>9.6</ele>
        <time>2026-08-06T05:08:55.000Z</time>
      </trkpt>
      <trkpt lat="57.0090304" lon="9.9809178">
        <ele>9.6</ele>
        <time>2026-08-06T05:08:56.000Z</time>
      </trkpt>
      <trkpt lat="57.0090482" lon="9.9808772">
        <ele>9.6</ele>
        <time>2026-08-06T05:08:57.000Z</time>
      </trkpt>
      <trkpt lat="57.0090571" lon="9.9808433">
        <ele>9.6</ele>
        <time>2026-08-06T05:08:58.000Z</time>
      </trkpt>
      <trkpt lat="57.0090786" lon="9.980818">
        <ele>9.6</ele>
        <time>2026-08-06T05:08:59.000Z</time>
      </trkpt>
      <trkpt lat="57.0091037" lon="9.9808126">
        <ele>9.6</ele>
        <time>2026-08-06T05:09:00.000Z</time>
      </trkpt>
      <trkpt lat="57.0091237" lon="9.980801">
        <ele>9.6</ele>
        <time>2026-08-06T05:09:01.000Z</time>
      </trkpt>
      <trkpt lat="57.0091486" lon="9.9808009">
        <ele>9.6</ele>
        <time>2026-08-06T05:09:02.000Z</time>
      </trkpt>
      <trkpt lat="57.0091694" lon="9.9807993">
        <ele>9.6</ele>
        <time>2026-08-06T05:09:03.000Z</time>
      </trkpt>
      <trkpt lat="57.0091905" lon="9.9807887">
        <ele>9.6</ele>
        <time>2026-08-06T05:09:04.000Z</time>
      </trkpt>
      <trkpt lat="57.0092216" lon="9.9807831">
        <ele>9.6</ele>
        <time>2026-08-06T05:09:05.000Z</time>
      </trkpt>
      <trkpt lat="57.0092368" lon="9.9807598">
        <ele>9.6</ele>
        <time>2026-08-06T05:09:06.000Z</time>
      </trkpt>
      <trkpt lat="57.0092565" lon="9.9807199">
        <ele>9.6</ele>
        <time>2026-08-06T05:09:07.000Z</time>
      </trkpt>
      <trkpt lat="57.009273" lon="9.9806833">
        <ele>9.8</ele>
        <time>2026-08-06T05:09:08.000Z</time>
      </trkpt>
      <trkpt lat="57.0092839" lon="9.9806469">
        <ele>9.8</ele>
        <time>2026-08-06T05:09:09.000Z</time>
      </trkpt>
      <trkpt lat="57.0092972" lon="9.9806026">
        <ele>9.6</ele>
        <time>2026-08-06T05:09:10.000Z</time>
      </trkpt>
      <trkpt lat="57.009309" lon="9.9805664">
        <ele>9.6</ele>
        <time>2026-08-06T05:09:11.000Z</time>
      </trkpt>
      <trkpt lat="57.0093212" lon="9.9805314">
        <ele>9.6</ele>
        <time>2026-08-06T05:09:12.000Z</time>
      </trkpt>
      <trkpt lat="57.009334" lon="9.980499">
        <ele>9.6</ele>
        <time>2026-08-06T05:09:13.000Z</time>
      </trkpt>
      <trkpt lat="57.0093435" lon="9.9804712">
        <ele>9.6</ele>
        <time>2026-08-06T05:09:14.000Z</time>
      </trkpt>
      <trkpt lat="57.0093586" lon="9.9804382">
        <ele>9.6</ele>
        <time>2026-08-06T05:09:15.000Z</time>
      </trkpt>
      <trkpt lat="57.0093729" lon="9.9804066">
        <ele>9.4</ele>
        <time>2026-08-06T05:09:16.000Z</time>
      </trkpt>
      <trkpt lat="57.0093831" lon="9.9803682">
        <ele>9.4</ele>
        <time>2026-08-06T05:09:17.000Z</time>
      </trkpt>
      <trkpt lat="57.0093967" lon="9.9803309">
        <ele>9.2</ele>
        <time>2026-08-06T05:09:18.000Z</time>
      </trkpt>
      <trkpt lat="57.0094076" lon="9.9803003">
        <ele>9.2</ele>
        <time>2026-08-06T05:09:19.000Z</time>
      </trkpt>
      <trkpt lat="57.0094191" lon="9.9802577">
        <ele>9.2</ele>
        <time>2026-08-06T05:09:20.000Z</time>
      </trkpt>
      <trkpt lat="57.009434" lon="9.9802241">
        <ele>9.4</ele>
        <time>2026-08-06T05:09:21.000Z</time>
      </trkpt>
      <trkpt lat="57.0094474" lon="9.9802001">
        <ele>9.4</ele>
        <time>2026-08-06T05:09:22.000Z</time>
      </trkpt>
      <trkpt lat="57.0094726" lon="9.9801818">
        <ele>9.4</ele>
        <time>2026-08-06T05:09:23.000Z</time>
      </trkpt>
      <trkpt lat="57.009491" lon="9.9801671">
        <ele>9.4</ele>
        <time>2026-08-06T05:09:24.000Z</time>
      </trkpt>
      <trkpt lat="57.0095107" lon="9.980157">
        <ele>9.6</ele>
        <time>2026-08-06T05:09:25.000Z</time>
      </trkpt>
      <trkpt lat="57.0095316" lon="9.9801555">
        <ele>9.6</ele>
        <time>2026-08-06T05:09:26.000Z</time>
      </trkpt>
      <trkpt lat="57.0095507" lon="9.9801496">
        <ele>9.6</ele>
        <time>2026-08-06T05:09:27.000Z</time>
      </trkpt>
      <trkpt lat="57.0095764" lon="9.9801516">
        <ele>9.8</ele>
        <time>2026-08-06T05:09:28.000Z</time>
      </trkpt>
      <trkpt lat="57.009591" lon="9.9801475">
        <ele>9.8</ele>
        <time>2026-08-06T05:09:29.000Z</time>
      </trkpt>
      <trkpt lat="57.0096163" lon="9.9801453">
        <ele>9.8</ele>
        <time>2026-08-06T05:09:30.000Z</time>
      </trkpt>
      <trkpt lat="57.0096379" lon="9.9801579">
        <ele>9.8</ele>
        <time>2026-08-06T05:09:31.000Z</time>
      </trkpt>
      <trkpt lat="57.0096569" lon="9.9801589">
        <ele>9.8</ele>
        <time>2026-08-06T05:09:32.000Z</time>
      </trkpt>
      <trkpt lat="57.0096788" lon="9.9801836">
        <ele>9.8</ele>
        <time>2026-08-06T05:09:33.000Z</time>
      </trkpt>
      <trkpt lat="57.0096978" lon="9.980201">
        <ele>10</ele>
        <time>2026-08-06T05:09:34.000Z</time>
      </trkpt>
      <trkpt lat="57.0097136" lon="9.9802247">
        <ele>10</ele>
        <time>2026-08-06T05:09:35.000Z</time>
      </trkpt>
      <trkpt lat="57.0097308" lon="9.9802609">
        <ele>10</ele>
        <time>2026-08-06T05:09:36.000Z</time>
      </trkpt>
      <trkpt lat="57.0097497" lon="9.9802834">
        <ele>10</ele>
        <time>2026-08-06T05:09:37.000Z</time>
      </trkpt>
      <trkpt lat="57.00977" lon="9.9803067">
        <ele>10</ele>
        <time>2026-08-06T05:09:38.000Z</time>
      </trkpt>
      <trkpt lat="57.0097876" lon="9.980329">
        <ele>10</ele>
        <time>2026-08-06T05:09:39.000Z</time>
      </trkpt>
      <trkpt lat="57.0098077" lon="9.9803381">
        <ele>10.2</ele>
        <time>2026-08-06T05:09:40.000Z</time>
      </trkpt>
      <trkpt lat="57.009835" lon="9.9803628">
        <ele>10.2</ele>
        <time>2026-08-06T05:09:41.000Z</time>
      </trkpt>
      <trkpt lat="57.009857" lon="9.9803655">
        <ele>10.2</ele>
        <time>2026-08-06T05:09:42.000Z</time>
      </trkpt>
      <trkpt lat="57.0098815" lon="9.9803516">
        <ele>10.4</ele>
        <time>2026-08-06T05:09:43.000Z</time>
      </trkpt>
      <trkpt lat="57.0099006" lon="9.9803428">
        <ele>10.6</ele>
        <time>2026-08-06T05:09:44.000Z</time>
      </trkpt>
      <trkpt lat="57.0099108" lon="9.9803192">
        <ele>10.8</ele>
        <time>2026-08-06T05:09:45.000Z</time>
      </trkpt>
      <trkpt lat="57.0099128" lon="9.9802837">
        <ele>10.8</ele>
        <time>2026-08-06T05:09:46.000Z</time>
      </trkpt>
      <trkpt lat="57.0099057" lon="9.9802496">
        <ele>11</ele>
        <time>2026-08-06T05:09:47.000Z</time>
      </trkpt>
      <trkpt lat="57.0098956" lon="9.9802221">
        <ele>11</ele>
        <time>2026-08-06T05:09:48.000Z</time>
      </trkpt>
      <trkpt lat="57.009894" lon="9.9801771">
        <ele>11</ele>
        <time>2026-08-06T05:09:49.000Z</time>
      </trkpt>
      <trkpt lat="57.009899" lon="9.980144">
        <ele>11</ele>
        <time>2026-08-06T05:09:50.000Z</time>
      </trkpt>
      <trkpt lat="57.0099048" lon="9.9800951">
        <ele>11</ele>
        <time>2026-08-06T05:09:51.000Z</time>
      </trkpt>
      <trkpt lat="57.009905" lon="9.9800535">
        <ele>11</ele>
        <time>2026-08-06T05:09:52.000Z</time>
      </trkpt>
      <trkpt lat="57.0099023" lon="9.980023">
        <ele>10.8</ele>
        <time>2026-08-06T05:09:53.000Z</time>
      </trkpt>
      <trkpt lat="57.0098985" lon="9.9799806">
        <ele>10.8</ele>
        <time>2026-08-06T05:09:54.000Z</time>
      </trkpt>
      <trkpt lat="57.0098906" lon="9.9799514">
        <ele>10.6</ele>
        <time>2026-08-06T05:09:55.000Z</time>
      </trkpt>
      <trkpt lat="57.0098837" lon="9.979903">
        <ele>10.6</ele>
        <time>2026-08-06T05:09:56.000Z</time>
      </trkpt>
      <trkpt lat="57.0098745" lon="9.979863">
        <ele>10.6</ele>
        <time>2026-08-06T05:09:57.000Z</time>
      </trkpt>
      <trkpt lat="57.0098608" lon="9.9798283">
        <ele>10.6</ele>
        <time>2026-08-06T05:09:58.000Z</time>
      </trkpt>
      <trkpt lat="57.0098535" lon="9.9797845">
        <ele>10.6</ele>
        <time>2026-08-06T05:09:59.000Z</time>
      </trkpt>
      <trkpt lat="57.0098426" lon="9.9797536">
        <ele>10.6</ele>
        <time>2026-08-06T05:10:00.000Z</time>
      </trkpt>
      <trkpt lat="57.0098335" lon="9.979711">
        <ele>10.8</ele>
        <time>2026-08-06T05:10:01.000Z</time>
      </trkpt>
      <trkpt lat="57.0098282" lon="9.9796703">
        <ele>10.8</ele>
        <time>2026-08-06T05:10:02.000Z</time>
      </trkpt>
      <trkpt lat="57.009814" lon="9.9796434">
        <ele>10.8</ele>
        <time>2026-08-06T05:10:03.000Z</time>
      </trkpt>
      <trkpt lat="57.0098053" lon="9.9795989">
        <ele>11</ele>
        <time>2026-08-06T05:10:04.000Z</time>
      </trkpt>
      <trkpt lat="57.0097911" lon="9.9795683">
        <ele>11</ele>
        <time>2026-08-06T05:10:05.000Z</time>
      </trkpt>
      <trkpt lat="57.0097783" lon="9.979531">
        <ele>11.2</ele>
        <time>2026-08-06T05:10:06.000Z</time>
      </trkpt>
      <trkpt lat="57.0097677" lon="9.9794982">
        <ele>11.4</ele>
        <time>2026-08-06T05:10:07.000Z</time>
      </trkpt>
      <trkpt lat="57.009762" lon="9.9794661">
        <ele>11.6</ele>
        <time>2026-08-06T05:10:08.000Z</time>
      </trkpt>
      <trkpt lat="57.0097574" lon="9.9794341">
        <ele>11.6</ele>
        <time>2026-08-06T05:10:09.000Z</time>
      </trkpt>
      <trkpt lat="57.0097534" lon="9.9793984">
        <ele>11.8</ele>
        <time>2026-08-06T05:10:10.000Z</time>
      </trkpt>
      <trkpt lat="57.0097494" lon="9.9793637">
        <ele>11.8</ele>
        <time>2026-08-06T05:10:11.000Z</time>
      </trkpt>
      <trkpt lat="57.0097635" lon="9.9793118">
        <ele>11.8</ele>
        <time>2026-08-06T05:10:12.000Z</time>
      </trkpt>
      <trkpt lat="57.0097726" lon="9.9792818">
        <ele>11.8</ele>
        <time>2026-08-06T05:10:13.000Z</time>
      </trkpt>
      <trkpt lat="57.0097842" lon="9.9792506">
        <ele>11.8</ele>
        <time>2026-08-06T05:10:14.000Z</time>
      </trkpt>
      <trkpt lat="57.0098031" lon="9.9792269">
        <ele>11.8</ele>
        <time>2026-08-06T05:10:15.000Z</time>
      </trkpt>
      <trkpt lat="57.0098148" lon="9.9792076">
        <ele>12</ele>
        <time>2026-08-06T05:10:16.000Z</time>
      </trkpt>
      <trkpt lat="57.0098359" lon="9.9791804">
        <ele>12.2</ele>
        <time>2026-08-06T05:10:17.000Z</time>
      </trkpt>
      <trkpt lat="57.0098526" lon="9.9791652">
        <ele>12.4</ele>
        <time>2026-08-06T05:10:18.000Z</time>
      </trkpt>
      <trkpt lat="57.0098672" lon="9.9791445">
        <ele>12.6</ele>
        <time>2026-08-06T05:10:19.000Z</time>
      </trkpt>
      <trkpt lat="57.0098888" lon="9.9791166">
        <ele>12.8</ele>
        <time>2026-08-06T05:10:20.000Z</time>
      </trkpt>
      <trkpt lat="57.0098996" lon="9.9790865">
        <ele>13</ele>
        <time>2026-08-06T05:10:21.000Z</time>
      </trkpt>
      <trkpt lat="57.0099131" lon="9.9790554">
        <ele>13.2</ele>
        <time>2026-08-06T05:10:22.000Z</time>
      </trkpt>
      <trkpt lat="57.0099258" lon="9.9790236">
        <ele>13.4</ele>
        <time>2026-08-06T05:10:23.000Z</time>
      </trkpt>
      <trkpt lat="57.0099364" lon="9.9789989">
        <ele>13.4</ele>
        <time>2026-08-06T05:10:24.000Z</time>
      </trkpt>
      <trkpt lat="57.0099498" lon="9.9789564">
        <ele>13.4</ele>
        <time>2026-08-06T05:10:25.000Z</time>
      </trkpt>
      <trkpt lat="57.009958" lon="9.9789178">
        <ele>13.4</ele>
        <time>2026-08-06T05:10:26.000Z</time>
      </trkpt>
      <trkpt lat="57.0099658" lon="9.9788815">
        <ele>13.4</ele>
        <time>2026-08-06T05:10:27.000Z</time>
      </trkpt>
      <trkpt lat="57.0099726" lon="9.9788436">
        <ele>13.6</ele>
        <time>2026-08-06T05:10:28.000Z</time>
      </trkpt>
      <trkpt lat="57.009977" lon="9.9788054">
        <ele>13.8</ele>
        <time>2026-08-06T05:10:29.000Z</time>
      </trkpt>
      <trkpt lat="57.009973" lon="9.9787732">
        <ele>14.4</ele>
        <time>2026-08-06T05:10:30.000Z</time>
      </trkpt>
      <trkpt lat="57.0099727" lon="9.9787285">
        <ele>14.4</ele>
        <time>2026-08-06T05:10:31.000Z</time>
      </trkpt>
      <trkpt lat="57.0099616" lon="9.978651">
        <ele>14.2</ele>
        <time>2026-08-06T05:10:32.000Z</time>
      </trkpt>
      <trkpt lat="57.0099544" lon="9.978621">
        <ele>14</ele>
        <time>2026-08-06T05:10:33.000Z</time>
      </trkpt>
      <trkpt lat="57.0099484" lon="9.9785908">
        <ele>13.6</ele>
        <time>2026-08-06T05:10:34.000Z</time>
      </trkpt>
      <trkpt lat="57.0099547" lon="9.9785487">
        <ele>13.2</ele>
        <time>2026-08-06T05:10:35.000Z</time>
      </trkpt>
      <trkpt lat="57.0099656" lon="9.9785205">
        <ele>13.2</ele>
        <time>2026-08-06T05:10:36.000Z</time>
      </trkpt>
      <trkpt lat="57.0099851" lon="9.9784954">
        <ele>13.2</ele>
        <time>2026-08-06T05:10:37.000Z</time>
      </trkpt>
      <trkpt lat="57.010008" lon="9.9784754">
        <ele>13.6</ele>
        <time>2026-08-06T05:10:38.000Z</time>
      </trkpt>
    </trkseg>
  </trk>
</gpx>
